word_type,word_subtype,word_devanagari,gender,meaning_pt,meaning_es,meaning_en,itrans,iast,harvard_kyoto,is_published,order_index
"substantive","noun","अग्नि","masculine","Fogo","Fuego","Fire","agni","agni","agni","true","1"
"substantive","noun","अङ्गार","masculine","Carvão","Carbón","Coal","a~NgAra","aṅgāra","aGgAra","true","2"
"substantive","noun","अतिथि","masculine","Convidado (अतति गच्छति न तिष्ठति)","Invitado अतति गच्छति न तिष्ठति)","Guest (अतति गच्छति न तिष्ठति)","atithi","atithi","atithi","true","3"
"substantive","pronoun","अदस्","","Aquilo/aquilo","Eso/aquello","That/that","adas","adas","adas","true","4"
"substantive","noun","अनिल","masculine","Vento","Viento","Wind","anila","anila","anila","true","5"
"substantive","adjective","अन्ध","","Cego","Ciego","Blind","andha","andha","andha","true","6"
"substantive","noun","अन्न","neuter","Alimento; Alimento","Comida; Alimento","Food","anna","anna","anna","true","7"
"substantive","noun","अभिधेयम्","neuter","Nome","Nombre","Name","abhidheyam","abhidheyam","abhidheyam","true","8"
"substantive","noun","अम्बु","neuter","Água","Agua","Water","ambu","ambu","ambu","true","9"
"substantive","noun","अरि","masculine","Inimigo","Enemigo","Enemy","ari","ari","ari","true","10"
"substantive","noun","अर्थ","masculine","Prosperidade, Fortuna","Prosperidad, Fortuna","Prosperity, Fortune","artha","artha","artha","true","11"
"substantive","noun","अलि","masculine","Abelha","Abeja","Bee","ali","ali","ali","true","12"
"substantive","noun","अश्रु","neuter","Lágrima","Lágrima","Tear","ashru","aśru","azru","true","13"
"substantive","noun","अश्व","masculine","Cavalo","Caballo","Horse","ashva","aśva","azva","true","14"
"substantive","noun","असि","masculine","Espada","Espada","Sword","asi","asi","asi","true","15"
"substantive","noun","असृज्","neuter","Sangue","Sangre","Blood","asRRij asRRik)","asṛj asṛk)","asRj asRk)","true","16"
"substantive","noun","आकाश","masculine","Céu, Espaço","Cielo, Espacio","Sky, Space","AkAsha","ākāśa","AkAza","true","17"
"substantive","noun","आगम","masculine","Chegada","Llegada","Arrival","Agama","āgama","Agama","true","18"
"substantive","noun","आचार","masculine","Conduta","Conducta","Conduct","AchAra","ācāra","AcAra","true","19"
"substantive","noun","आचार्य","masculine","Preceptor Mestre","Preceptor, Maestro","Preceptor Master","AchArya","ācārya","AcArya","true","20"
"substantive","noun","आदेश","masculine","Ordem","Orden","Order","Adesha","ādeśa","Adeza","true","21"
"substantive","adjective","आद्य","","Primeiro","Primero","First","Adya","ādya","Adya","true","22"
"substantive","noun","आनन","neuter","Boca, rosto","Boca, cara","Mouth, face","Anana","ānana","Anana","true","23"
"substantive","noun","आपद्","feminine","Adversidade","Adversidad","Adversity","Apad Apat)","āpad āpat)","Apad Apat)","true","24"
"substantive","noun","आरोग्यम्","neuter","Saúde","Salud","Health","Arogyam","ārogyam","Arogyam","true","25"
"substantive","noun","आशा","feminine","Esperança","Esperanza","Hope","AshA","āśā","AzA","true","26"
"substantive","adjective","आशु","","Rápido","Rápido","Fast","Ashu","āśu","Azu","true","27"
"substantive","noun","आश्रम","masculine","āśrama","āśrama","āśrama","Ashrama","āśrama","Azrama","true","28"
"substantive","noun","आहार","masculine","Alimento","Comida","Food","AhAra","āhāra","AhAra","true","29"
"substantive","pronoun","इदम्","","Isto","Esto","This","idam","idam","idam","true","30"
"substantive","noun","इन्दु","masculine","Lua","Luna","Moon","indu","indu","indu","true","31"
"substantive","noun","इन्धन","neuter","Combustível","Combustible","Fuel","indhanam","indhanam","indhanam","true","32"
"substantive","noun","इषु","masculine","Flecha","Flecha","Arrow","iShu","iṣu","iSu","true","33"
"substantive","noun","ईश्वर","masculine","Īśvara","Īśvara","Īśvara","Ishvara","īśvara","Izvara","true","34"
"substantive","noun","उदधि","masculine","Oceano","Océano","Ocean","udadhi","udadhi","udadhi","true","35"
"substantive","adjective","उदार","","Generoso","Generoso","Generous","udAra","udāra","udAra","true","36"
"substantive","noun","उद्भिद्","masculine","Planta","Planta","Plant","udbhid udbhit)","udbhid udbhit)","udbhid udbhit)","true","37"
"substantive","noun","उद्यम","masculine","Esforço","Esfuerzo","Effort","udyama","udyama","udyama","true","38"
"substantive","noun","उद्यान","neuter","Jardim","Jardín","Garden","udyAna","udyāna","udyAna","true","39"
"substantive","noun","उरस्","neuter","Baú","Pecho","Chest","uras ura)","uras ura)","uras ura)","true","40"
"substantive","adjective","उष्ण","","Quente","Caliente","Hot","uShNa","uṣṇa","uSNa","true","41"
"substantive","noun","ऋच्","feminine","Hino","Himno","Hymn","RRich RRik)","ṛc ṛk)","Rc Rk)","true","42"
"substantive","noun","ऋत्वज्","masculine","Sacerdote","Sacerdote","Priest","RRitvaj RRitvak)","ṛtvaj ṛtvak)","Rtvaj Rtvak)","true","43"
"substantive","noun","ऋषि","masculine","Vidente","Vidente","Seer","RRiShi","ṛṣi","RSi","true","44"
"substantive","adjective","एक","","Um","Uno","One","eka","eka","eka","true","45"
"substantive","noun","औषधम्","neuter","Medicina","Medicina","Medicine","auShadham","auṣadham","auSadham","true","46"
"substantive","noun","कथा","feminine","História","Historia","History","kathA","kathā","kathA","true","47"
"substantive","noun","कनक","neuter","Ouro","Oro","Gold","kanaka","kanaka","kanaka","true","48"
"substantive","noun","कन्या","feminine","Filha","Hija","Daughter","kanyA","kanyā","kanyA","true","49"
"substantive","noun","कपि","masculine","Macaco","Mono","Monkey","kapi","kapi","kapi","true","50"
"substantive","noun","कपोत","masculine","Pombo","Paloma","Pigeon","kapota","kapota","kapota","true","51"
"substantive","noun","कमल","neuter","Lótus","Loto","Lotus","kamala","kamala","kamala","true","52"
"substantive","noun","कर","masculine","Mão; Tromba","Mano; Trompa","Hand; Trunk","kara","kara","kara","true","53"
"substantive","adjective","कर्तृ","","Fazedor","Hacedor","Doer","kartRRi","kartṛ","kartR","true","54"
"substantive","noun","कर्तृ","masculine","Fazedor","Hacedor","Doer","kartRRi","kartṛ","kartR","true","55"
"substantive","noun","कर्तृ","neuter","Fazedor (aquele que realiza uma ação)","Hacedor el que realiza una acción)","Doer (one who performs an action)","kartRRi","kartṛ","kartR","true","56"
"substantive","noun","कलि","masculine","Luta, discussão, guerra, batalha","Lucha, pelea, guerra, batalla","Fight, quarrel, war, battle","kali","kali","kali","true","57"
"substantive","noun","कवि","masculine","Poeta","Poeta","Poet","kavi","kavi","kavi","true","58"
"substantive","noun","काक","masculine","Corvo","Cuervo","Crow","kAka","kāka","kAka","true","59"
"substantive","adjective","काण","","Caolho","Tuerto","One-eyed","kANa","kāṇa","kANa","true","60"
"substantive","noun","काम","masculine","Desejo","Deseo","Desire","kAma","kāma","kAma","true","61"
"substantive","noun","कारण","neuter","Causa, razão, motivo","Causa, razón, motivo","Cause, reason, motive","kAraNa","kāraṇa","kAraNa","true","62"
"substantive","noun","कार्य","neuter","Trabalho, Negócios; Ação; Efeito oposto de (कारण)","Trabajo, Negocio; Acción; Efecto opuesto de कारण)","Work, Business; Action; Opposite effect of (कारण)","kArya","kārya","kArya","true","63"
"substantive","noun","काव्य","neuter","Poema","Poema","Poem","kAvyam","kāvyam","kAvyam","true","64"
"substantive","noun","कुम्भकर्ण","masculine","Kumbhakarṇa","Kumbhakarṇa","Kumbhakarṇa","kumbhakarNa","kumbhakarṇa","kumbhakarNa","true","65"
"substantive","adjective","कुशल","","Hábil","Hábil","Skillful","kushala","kuśala","kuzala","true","66"
"substantive","noun","कुसुम","neuter","Flor","Flor","Flower","kusuma","kusuma","kusuma","true","67"
"substantive","noun","कूप","masculine","Poço","Pozo","Well","kUpa","kūpa","kUpa","true","68"
"substantive","adjective","कृत्रिम","","Artificial","Artificial","Artificial","kRRitrima","kṛtrima","kRtrima","true","69"
"substantive","adjective","कृपण","","Miserável","Miserable","Miserable","kRRipaNa","kṛpaṇa","kRpaNa","true","70"
"substantive","noun","कृष्ण","masculine","Kṛṣṇa","Kṛṣṇa","Kṛṣṇa","kRRiShNa","kṛṣṇa","kRSNa","true","71"
"substantive","adjective","कृष्ण","","Preto","Negro","Black","kRRiShNa","kṛṣṇa","kRSNa","true","72"
"substantive","noun","केलि","feminine","Piada","Broma","Joke","keli","keli","keli","true","73"
"substantive","noun","कौन्तेय","masculine","Arjuna","Arjuna","Arjuna","kaunteya","kaunteya","kaunteya","true","74"
"substantive","noun","क्रोध","masculine","Raiva","Rabia","Anger","krodha","krodha","krodha","true","75"
"substantive","noun","क्षण","masculine","Momento","Momento, instante","Moment","kShaNa","kṣaṇa","kSaNa","true","76"
"substantive","adjective","क्षुद्र","","Pequeno, vulgar","Pequeño, vulgar","Small, vulgar","kShudra","kṣudra","kSudra","true","77"
"substantive","noun","क्षुध्","feminine","Fome","Hambre","Hunger","kShudh kShut)","kṣudh kṣut)","kSudh kSut)","true","78"
"substantive","noun","क्षेत्र","neuter","Campo","Campo","Field","kShetram","kṣetram","kSetram","true","79"
"substantive","adjective","खञ्ज","","Coxo, aleijado","Cojo, lisiado","Lame, crippled","kha~nja","khañja","khaJja","true","80"
"substantive","noun","गङ्गा","feminine","Ganges","Ganges","Ganges","ga~NgA","gaṅgā","gaGgA","true","81"
"substantive","noun","गज","masculine","Elefante","Elefante","Elephant","gaja","gaja","gaja","true","82"
"substantive","noun","गति","feminine","Movimento","Movimiento","Movement","gati","gati","gati","true","83"
"substantive","adjective","गन्तृ","","Caminhante","Caminante","Walker","gantRRi","gantṛ","gantR","true","84"
"substantive","noun","गमन","masculine","Ida","Ida","Ida","gamana","gamana","gamana","true","85"
"substantive","adjective","गानम्","","Canção","Canción","Song","gAnam","gānam","gAnam","true","86"
"substantive","noun","गिरि","masculine","Montanha","Montaña","Mountain","giri","giri","giri","true","87"
"substantive","noun","गुण","masculine","Virtude","Virtud","Virtue","guNa","guṇa","guNa","true","88"
"substantive","adjective","गुरु","","Pesado","Pesado","Heavy","guru","guru","guru","true","89"
"substantive","noun","गुरु","masculine","Professor","Profesor","Teacher","guru","guru","guru","true","90"
"substantive","noun","गृह","neuter","Casa","Casa","House","gRRiha","gṛha","gRha","true","91"
"substantive","noun","गृहिणी","feminine","Dona de casa","Ama de casa","Housewife","gRRihiNI","gṛhiṇī","gRhiNI","true","92"
"substantive","noun","गोपाल","masculine","Gopala","Gopala","Gopala","gopAla","gopāla","gopAla","true","93"
"substantive","noun","ग्राम","masculine","Vila","Villa; Aldea","Village; Village","grAma","grāma","grAma","true","94"
"substantive","noun","घट","masculine","Vaso","Jarrón","Vase","ghaTa","ghaṭa","ghaTa","true","95"
"substantive","noun","चक्र","neuter","Roda","Rueda","Wheel","chakram","cakram","cakram","true","96"
"substantive","noun","चञ्चु","feminine","Cúpula","Cima","Summit","cha~nchu","cañcu","caJcu","true","97"
"substantive","noun","चन्द्र","masculine","Lua","Luna","Moon","chandra","candra","candra","true","98"
"substantive","noun","चन्द्रमस्","masculine","Lua","Luna","Moon","chandramas chandramA)","candramas candramā)","candramas candramA)","true","99"
"substantive","noun","चमू","feminine","Exército","Ejército","Army","chamU","camū","camU","true","100"
"substantive","adjective","चारु","","Charmoso","Encantador","Charming","chAru","cāru","cAru","true","101"
"substantive","noun","चेतस्","neuter","Mente","Mente","Mind","chetas cheta)","cetas ceta)","cetas ceta)","true","102"
"substantive","noun","छाया","feminine","Sombra","Sombra","Shadow","ChAyA","chāyā","chAyA","true","103"
"substantive","noun","जन","masculine","Pessoa","Persona","Person","jana","jana","jana","true","104"
"substantive","noun","जनक","masculine","Pai","Padre","Father","janaka","janaka","janaka","true","105"
"substantive","noun","जननी","feminine","Mãe","Madre","Mother","jananI","jananī","jananI","true","106"
"substantive","noun","जल","neuter","Água","Agua","Water","jala","jala","jala","true","107"
"substantive","noun","जलमुच्","masculine","Nuvem","Nube","Cloud","jalamuch jalamuk)","jalamuc jalamuk)","jalamuc jalamuk)","true","108"
"substantive","noun","जानु","neuter","Joelho","Rodilla","Knee","jAnu","jānu","jAnu","true","109"
"substantive","noun","जामातृ","masculine","Genro","Yerno","Son-in-law","jAmAtRRi","jāmātṛ","jAmAtR","true","110"
"substantive","noun","जिह्वा","feminine","Língua","Lengua","Tongue","jihvA","jihvā","jihvA","true","111"
"substantive","noun","जीवन","neuter","Vida","Vida","Life","jIvana","jīvana","jIvana","true","112"
"substantive","noun","जेतृ","masculine","Conquistador","Conquistador","Conqueror","jetRRi","jetṛ","jetR","true","113"
"substantive","adjective","जेतृ","","Vitorioso","Victorioso","Victorious","jetRRi","jetṛ","jetR","true","114"
"substantive","noun","तडित्","feminine","Relâmpago","Rayo","Lightning","taDit","taḍit","taDit","true","115"
"substantive","noun","तनु","feminine","Corpo","Cuerpo","Body","tanu","tanu","tanu","true","116"
"substantive","noun","तरु","masculine","Árvore","Árbol","Tree","taru","taru","taru","true","117"
"substantive","noun","तापस","masculine","Asceta","Asceta","Ascetic","tApasa","tāpasa","tApasa","true","118"
"substantive","noun","तारा","feminine","Estrela","Estrella","Star","tArA","tārā","tArA","true","119"
"substantive","noun","तीर","neuter","Margem","Margen","Margin","tIram","tīram","tIram","true","120"
"substantive","adjective","तीव्र","","Afiado","Afilado","Sharp","tIvra","tīvra","tIvra","true","121"
"substantive","noun","तृण","neuter","Grama","Pasto","Grass","tRRiNa","tṛṇa","tRNa","true","122"
"substantive","noun","तृप्ति","feminine","Satisfação","Satisfacción","Satisfaction","tRRipti","tṛpti","tRpti","true","123"
"substantive","noun","त्वच्","feminine","Pele","Piel","Skin","tvach tvak)","tvac tvak)","tvac tvak)","true","124"
"substantive","adjective","दरिद्र","","Pobre","Pobre","Poor","daridra","daridra","daridra","true","125"
"substantive","noun","दर्शन","neuter","Visão","Visión","Vision","darshanam","darśanam","darzanam","true","126"
"substantive","noun","दशरथ","masculine","Daśaratha","Daśaratha","Daśaratha","dasharatha","daśaratha","dazaratha","true","127"
"substantive","noun","दातृ","masculine","Doador","Donador","Giver","dAtRRi","dātṛ","dAtR","true","128"
"substantive","adjective","दातृ","","Generoso","Generoso","Generous","dAtRRi","dātṛ","dAtR","true","129"
"substantive","noun","दारु","neuter","Madeira","Madera","Wood","dAru","dāru","dAru","true","130"
"substantive","noun","दास","masculine","Servo","Sirviente","Servant","dAsa","dāsa","dAsa","true","131"
"substantive","noun","दासी","feminine","Servo","Sirviente","Servant","dAsI","dāsī","dAsI","true","132"
"substantive","noun","दिश्","feminine","Direção","Dirección","Direction","dish dik)","diś dik)","diz dik)","true","133"
"substantive","noun","दुःख","neuter","Miséria, Sofrimento","Miseria, sufrimiento","Misery, Suffering","dukham","dukham","dukham","true","134"
"substantive","noun","दुर्जन","masculine","Mal","Mal","Evil","durjana","durjana","durjana","true","135"
"substantive","adjective","दुर्लभ","","Difícil de obter","Difícil de obtener","Hard to obtain","durlabha","durlabha","durlabha","true","136"
"substantive","noun","दुहितृ","feminine","Filha","Hija","Daughter","duhitRRi","duhitṛ","duhitR","true","137"
"substantive","noun","दूत","masculine","Mensageiro","Mensajero","Messenger","dUta","dūta","dUta","true","138"
"substantive","noun","देव","masculine","Divindade; Deidade; Senhor","Divindade; Deidade; Senhor","Divinity; Deity; Lord","deva","deva","deva","true","139"
"substantive","noun","देश","masculine","País; Região; Lugar","País; Región; Lugar","Country; Region; Place","desha","deśa","deza","true","140"
"substantive","noun","दैव","neuter","Destino","Destino","Destiny","daivam","daivam","daivam","true","141"
"substantive","noun","द्विज","masculine","Sacerdote, Brāhmaṇa (""nascido duas vezes"")","Sacerdote, Brāhmaṇa ""el nacido dos veces"")","Priest, Brāhmaṇa (""twice-born"")","dvija","dvija","dvija","true","142"
"substantive","adjective","द्वितीय","","Segundo","Segundo","Second","dvitIya","dvitīya","dvitIya","true","143"
"substantive","adjective","द्वे","","Dois","Dos","Two","dve","dve","dve","true","144"
"substantive","noun","धन","neuter","Propriedade, riqueza, dinheiro, tesouro","Propiedad, riqueza, dinero, tesoro","Property, wealth, money, treasure","dhana","dhana","dhana","true","145"
"substantive","noun","धर्म","masculine","Dever","Deber","Duty","dharma","dharma","dharma","true","146"
"substantive","noun","धात्री","feminine","Enfermeira","Enfermera","Nurse","dhAtrI","dhātrī","dhAtrI","true","147"
"substantive","noun","धूलि","feminine","Pó","Polvo","Dust","dhUli","dhūli","dhUli","true","148"
"substantive","noun","धेनु","feminine","Vaca","Vaca","Cow","dhenu","dhenu","dhenu","true","149"
"substantive","noun","ध्वनि","masculine","Som","Sonido","Sound","dhvani","dhvani","dhvani","true","150"
"substantive","noun","नगर","masculine","Cidade","Ciudad","City","nagara","nagara","nagara","true","151"
"substantive","noun","नगरी","feminine","Cidade","Ciudad","City","nagarI","nagarī","nagarI","true","152"
"substantive","noun","नदी","feminine","Rio","Río","River","nadI","nadī","nadI","true","153"
"substantive","noun","ननान्दृ","feminine","Cunhada (irmã do marido), nora","Cuñada hermana del marido), nuera","Sister-in-law (husband's sister)","nanAndRRi","nanāndṛ","nanAndR","true","154"
"substantive","noun","नप्तृ","masculine","Neto","Nieto","Grandson","naptRRi","naptṛ","naptR","true","155"
"substantive","noun","नर","masculine","Homem","Hombre","Man","nara","nara","nara","true","156"
"substantive","adjective","नव","","Novo","Nuevo","New","nava","nava","nava","true","157"
"substantive","noun","नारी","feminine","Mulher","Mujer","Woman","nArI","nārī","nArI","true","158"
"substantive","noun","नाश","masculine","Destruição","Destrucción","Destruction","nAsha","nāśa","nAza","true","159"
"substantive","adjective","नित्य","","Sempre, Perpétuo","Siempre, perpetuo","Always, Perpetual","nitya","nitya","nitya","true","160"
"substantive","noun","निधि","masculine","Tesouro","Tesoro","Treasure","nidhi","nidhi","nidhi","true","161"
"substantive","noun","नीति","feminine","Conduta","Conducta","Conduct","nIti","nīti","nIti","true","162"
"substantive","adjective","नीरुज","","Saudável","Saludable","Healthy","nIruja","nīruja","nIruja","true","163"
"substantive","adjective","नील","","Azul","Azul","Blue","nIla","nīla","nIla","true","164"
"substantive","noun","नृप","masculine","Rei","Rey","King","nRRipa","nṛpa","nRpa","true","165"
"substantive","noun","नृपति","masculine","Rei","Rey","King","nRRipati","nṛpati","nRpati","true","166"
"substantive","noun","नेतृ","masculine","Líder","Líder","Leader","netRRi","netṛ","netR","true","167"
"substantive","noun","नेत्र","neuter","Olho","Ojo","Eye","netram","netram","netram","true","168"
"substantive","noun","पत्नी","feminine","Esposa","Esposa","Wife","patnI","patnī","patnI","true","169"
"substantive","noun","पत्र","neuter","Folha","Hoja","Leaf","patram","patram","patram","true","170"
"substantive","adjective","पथ्य","","Bom/saudável","Bueno/saludable","Good/healthy","pathya","pathya","pathya","true","171"
"substantive","noun","पद्म","neuter","Lótus","Loto","Lotus","padmam","padmam","padmam","true","172"
"substantive","noun","पय","neuter","Água Leite","Agua, leche","Water Milk","payam paya)","payam paya)","payam paya)","true","173"
"substantive","noun","परशु","masculine","Machado","Hacha","Axe","parashu","paraśu","parazu","true","174"
"substantive","noun","परिव्राज्","masculine","Mendigo","Mendigo","Beggar","parivrAj parivrAT)","parivrāj parivrāṭ)","parivrAj parivrAT)","true","175"
"substantive","noun","परिषद्","feminine","Assembleia","Asamblea","Assembly","pariShad pariShat)","pariṣad pariṣat)","pariSad pariSat)","true","176"
"substantive","noun","पर्वत","masculine","Montanha","Montaña","Mountain","parvata","parvata","parvata","true","177"
"substantive","noun","पवन","masculine","Vento/Ar","Viento/Aire","Wind/Air","pavana","pavana","pavana","true","178"
"substantive","noun","पशु","masculine","Besta, Animal","Bestia, animal","Beast Animal","pashu","paśu","pazu","true","179"
"substantive","noun","पाणि","masculine","Mão","Mano","Hand","pANi","pāṇi","pANi","true","180"
"substantive","noun","पात्र","neuter","Copo","Vaso","Glass","pAtram","pātram","pAtram","true","181"
"substantive","noun","पाप","neuter","Pāpa (resultado negativo de uma ação)","Pāpa (resultado negativo de una acción)","Pāpa (negative result of an action)","pApa","pāpa","pApa","true","182"
"substantive","noun","पारिषद","masculine","Cortesão","Cortesano","Courtier","pAriShada","pāriṣada","pAriSada","true","183"
"substantive","noun","पितृ","masculine","Pai","Padre","Father","pitRRi","pitṛ","pitR","true","184"
"substantive","adjective","पीत","","Amarelo","Amarillo","Yellow","pIta","pīta","pIta","true","185"
"substantive","adjective","पीन","","Gordo","Gordo","Fat","pIna","pīna","pIna","true","186"
"substantive","noun","पुण्य","neuter","Virtude, mérito, puṇya","Virtud, mérito, puṇya","Virtue, merit, puṇya","puNya","puṇya","puNya","true","187"
"substantive","noun","पुत्र","masculine","Filho","Hijo","Son","putra","putra","putra","true","188"
"substantive","noun","पुरुषकार","masculine","Humano Esforço","Esfuerzo humano","Human Effort","puruShakAra","puruṣakāra","puruSakAra","true","189"
"substantive","noun","पुस्तक","neuter","Livro","Libro","Book","pustakam","pustakam","pustakam","true","190"
"substantive","noun","पृथिवी","feminine","Terra","Tierra","Earth","pRRithivI","pṛthivī","pRthivI","true","191"
"substantive","noun","प्रतिपत्ति","feminine","Fama","Fama","Fame","pratipatti","pratipatti","pratipatti","true","192"
"substantive","noun","प्रभु","masculine","Senhor, Mestre","Señor, Maestro","Lord, Master","prabhu","prabhu","prabhu","true","193"
"substantive","adjective","प्रसन्न","","Favorável, Claro","Favorable, claro","Favorable, clear","prasanna","prasanna","prasanna","true","194"
"substantive","noun","प्रसाद","masculine","Favor","Favor","Favor","prasAda","prasāda","prasAda","true","195"
"substantive","noun","प्रावृष्","feminine","Estação chuvosa","Temporada de lluvias","Rainy season","prAvRRiSh prAvRRiT)","prāvṛṣ prāvṛṭ)","prAvRS prAvRT)","true","196"
"substantive","noun","प्रासाद","masculine","Palácio","Palacio","Palace","prAsAda","prāsāda","prAsAda","true","197"
"substantive","noun","प्रीति","feminine","Afeição","Afecto","Affection","prIti","prīti","prIti","true","198"
"substantive","noun","फल","neuter","Fruta","Fruta","Fruit","phala","phala","phala","true","199"
"substantive","noun","बन्धु","masculine","Parente, irmão","Pariente, hermano","Relative, brother","bandhu","bandhu","bandhu","true","200"
"substantive","noun","बल","neuter","Força","Fuerza","Strength","balam","balam","balam","true","201"
"substantive","adjective","बहु","","Muito","Mucho","Much","bahu","bahu","bahu","true","202"
"substantive","noun","बाल","masculine","Criança, menino","Niño","Child","bAla","bāla","bAla","true","203"
"substantive","noun","बालिका","feminine","Menina","Niña","Girl","bAlikA","bālikā","bAlikA","true","204"
"substantive","noun","बाहु","masculine","Braço","Brazo","Arm","bAhu","bāhu","bAhu","true","205"
"substantive","noun","बिन्दु","masculine","Gota","Gota","Drop","bindu","bindu","bindu","true","206"
"substantive","noun","भक्ति","feminine","Devoção","Devoción","Devotion","bhakti","bhakti","bhakti","true","207"
"substantive","noun","भगिनी","feminine","Irmã","Hermana","Sister","bhaginI","bhaginī","bhaginI","true","208"
"substantive","noun","भय","neuter","Medo","Miedo","Fear","bhayam","bhayam","bhayam","true","209"
"substantive","noun","भर्तृ","masculine","Marido","Esposo Esposo","Husband","bhartRRi bhartA)","bhartṛ bhartā)","bhartR bhartA)","true","210"
"substantive","noun","भार","masculine","Fardo, peso","Carga, peso","Burden, weight","bhAra","bhāra","bhAra","true","211"
"substantive","noun","भार्या","feminine","Esposa","Esposa","Wife","bhAryA","bhāryā","bhAryA","true","212"
"substantive","noun","भार्या","feminine","Esposa","Esposa","Wife","bhAryA","bhāryā","bhAryA","true","213"
"substantive","noun","भाषा","feminine","Discurso, Ensinamento","Discurso, Enseñanza","Speech, Teaching","bhAShA","bhāṣā","bhASA","true","214"
"substantive","noun","भिषज्","masculine","Doutor","Doctor","Doctor","bhiShaj bhiShak)","bhiṣaj bhiṣak)","bhiSaj bhiSak)","true","215"
"substantive","noun","भूभृत्","masculine","Rei","Rey","King","bhUbhRRit","bhūbhṛt","bhUbhRt","true","216"
"substantive","noun","भूमि","feminine","Terra","Tierra","Earth","bhUmi","bhūmi","bhUmi","true","217"
"substantive","noun","भूषण","neuter","Ornamento, ornamento, decoração","Adorno, ornamento, decoración","Ornament, ornament, decoration","bhUShaNa","bhūṣaṇa","bhUSaNa","true","218"
"substantive","noun","भ्रातृ","masculine","Irmão","Hermano","Brother","bhrAtRRi","bhrātṛ","bhrAtR","true","219"
"substantive","noun","मति","feminine","Mente","Mente","Mind","mati","mati","mati","true","220"
"substantive","noun","मधु","neuter","Mel","Miel","Honey","madhu","madhu","madhu","true","221"
"substantive","noun","मनस्","neuter","Mente","Mente","Mind","manas mana)","manas mana)","manas mana)","true","222"
"substantive","noun","मनोरथ","masculine","Desejo","Deseo","Desire","manoratha","manoratha","manoratha","true","223"
"substantive","noun","मन्दिर","neuter","Templo","Templo","Temple","mandiram","mandiram","mandiram","true","224"
"substantive","noun","मरुत्","masculine","Vento","Viento","Wind","marut","marut","marut","true","225"
"substantive","noun","मलहारक","masculine","Varredor","Barrendero","Sweeper","malahAraka","malahāraka","malahAraka","true","226"
"substantive","noun","महाराज","masculine","Grande Rei","Gran Rey","Great King","mahArAja","mahārāja","mahArAja","true","227"
"substantive","noun","मातृ","feminine","Mãe","Madre","Mother","mAtRRi","mātṛ","mAtR","true","228"
"substantive","noun","मानुष","masculine","Homem","Hombre","Man","mAnuSha","mānuṣa","mAnuSa","true","229"
"substantive","noun","माला","feminine","Guirlanda","Guirnalda","Garland","mAlA","mālā","mAlA","true","230"
"substantive","noun","मांस","neuter","Carne","Carne","Flesh","mAMsam","māṃsam","mAMsam","true","231"
"substantive","noun","मित्र","neuter","Amigo","Amigo","Friend","mitra","mitra","mitra","true","232"
"substantive","noun","मुक्ति","feminine","Salvação","Salvación","Salvation","mukti","mukti","mukti","true","233"
"substantive","noun","मुख","neuter","Boca","Boca","Mouth","mukham","mukham","mukham","true","234"
"substantive","noun","मुद्रा","feminine","Selo, Moeda","Sello, Moneda","Seal, Coin","mudrA","mudrā","mudrA","true","235"
"substantive","noun","मुनि","masculine","Sábio","Sabio","Sage","muni","muni","muni","true","236"
"substantive","noun","मृग","masculine","Veado","Ciervo","Deer","mRRiga","mṛga","mRga","true","237"
"substantive","adjective","मृत","","Morto","Muerto","Dead","mRRita","mṛta","mRta","true","238"
"substantive","noun","मृत्यु","masculine","Morte","Muerte","Death","mRRityu","mṛtyu","mRtyu","true","239"
"substantive","adjective","मृदु","","Suave","Suave","Soft","mRRidu","mṛdu","mRdu","true","240"
"substantive","noun","मेघ","masculine","Nuvem","Nube","Cloud","megha","megha","megha","true","241"
"substantive","noun","मोह","masculine","Ilusão","Ilusión","Illusion","moha","moha","moha","true","242"
"substantive","noun","यशस्","neuter","Fama","Fama","Fame","yashas yasha)","yaśas yaśa)","yazas yaza)","true","243"
"substantive","noun","योग","masculine","Yoga","Yoga","Yoga","yoga","yoga","yoga","true","244"
"substantive","adjective","रक्त","","Vermelho","Rojo","Red","rakta","rakta","rakta","true","245"
"substantive","noun","रघु","masculine","Raghu","Raghu","Raghu","raghu","raghu","raghu","true","246"
"substantive","noun","रज्जु","feminine","Corda","Cuerda","Rope","rajju","rajju","rajju","true","247"
"substantive","noun","रत्न","neuter","Joia","Joya","Jewel","ratnam","ratnam","ratnam","true","248"
"substantive","noun","रथ","masculine","Carruagem, carroça","Carruaje, carro","Chariot, wagon","ratha","ratha","ratha","true","249"
"substantive","noun","रम्भा","feminine","Banana","Árbol de plátano","Tree Banana","rambhA","rambhā","rambhA","true","250"
"substantive","noun","रवि","masculine","Sol","Sol","Sun","ravi","ravi","ravi","true","251"
"substantive","noun","रश्मि","masculine","Relâmpago","Rayo","Lightning","rashmi","raśmi","razmi","true","252"
"substantive","noun","राज्ञी","feminine","Rainha","Reina","Queen","rAj~nI","rājñī","rAjJI","true","253"
"substantive","noun","रात्रि","feminine","Noite","Noche","Night","rAtri","rātri","rAtri","true","254"
"substantive","noun","राम","masculine","Rāma","Rāma","Rāma","rAma","rāma","rAma","true","255"
"substantive","noun","राशि","masculine","Monte","Montón","Heap","rAshi","rāśi","rAzi","true","256"
"substantive","noun","रेखा","feminine","Fio","Hilo","Thread","rekhA","rekhā","rekhA","true","257"
"substantive","noun","रेणु","feminine","Pó, Pólen","Polvo, Polen","Dust, Pollen","reNu","reṇu","reNu","true","258"
"substantive","adjective","लघु","","Leve","Ligero","Light","laghu","laghu","laghu","true","259"
"substantive","noun","लज्जा","feminine","Vergonha","Vergüenza","Shame","lajjA","lajjā","lajjA","true","260"
"substantive","noun","लता","feminine","Videira","Vid","Vine","latA","latā","latA","true","261"
"substantive","noun","लोक","masculine","Mundo","Mundo","World","loka","loka","loka","true","262"
"substantive","noun","लोभ","masculine","Ganância","Codicia","Greed","lobha","lobha","lobha","true","263"
"substantive","adjective","वक्तृ","","Eloquente","Elocuente","Eloquent","vaktRRi","vaktṛ","vaktR","true","264"
"substantive","noun","वचन","neuter","Fala, discurso","Habla, discurso","Speech, speech","vachana","vacana","vacana","true","265"
"substantive","noun","वणिज्","masculine","Comerciante","Comerciante","Merchant","vaNij vaNik)","vaṇij vaṇik)","vaNij vaNik)","true","266"
"substantive","noun","वध","masculine","Abate","Masacre","Slaughter","vadha","vadha","vadha","true","267"
"substantive","noun","वधू","feminine","Noiva","Novia","Bride","vadhU","vadhū","vadhU","true","268"
"substantive","noun","वन","neuter","Floresta, selva","Bosque, selva","Forest, jungle","vana","vana","vana","true","269"
"substantive","noun","वयस्","neuter","Idade","Edad","Age","vayas vaya)","vayas vaya)","vayas vaya)","true","270"
"substantive","noun","वस्तु","neuter","Coisa","Cosa","Thing","vastu","vastu","vastu","true","271"
"substantive","noun","वाच्","feminine","Fala","Discurso","Speech","vAch vAk)","vāc vāk)","vAc vAk)","true","272"
"substantive","noun","वाणी","feminine","Voz","Voz","Voice","vANI","vāṇī","vANI","true","273"
"substantive","noun","वानर","masculine","Macaco","Mono","Monkey","vAnara","vānara","vAnara","true","274"
"substantive","noun","वायु","masculine","Vento","Viento","Wind","vAyu","vāyu","vAyu","true","275"
"substantive","noun","वारि","neuter","Água","Agua","Water","vAri","vāri","vAri","true","276"
"substantive","noun","विद्या","feminine","Conhecimento","Conocimiento","Knowledge","vidyA","vidyā","vidyA","true","277"
"substantive","noun","विद्युत्","feminine","Raio","Rayo, relámpago","Thunderbolt","vidyut","vidyut","vidyut","true","278"
"substantive","noun","विधि","masculine","Destino","Destino","Destiny","vidhi","vidhi","vidhi","true","279"
"substantive","noun","विनय","masculine","Modéstia","Modestia","Modesty","vinaya","vinaya","vinaya","true","280"
"substantive","noun","विपद्","feminine","Perigo","Peligro","Danger","vipad vipat)","vipad vipat)","vipad vipat)","true","281"
"substantive","adjective","विमूढ","","Perplexo","Desconcertado","Bewildered","vimUDha","vimūḍha","vimUDha","true","282"
"substantive","noun","विहग","masculine","Pássaro","Pájaro","Bird","vihaga","vihaga","vihaga","true","283"
"substantive","noun","वीर","masculine","Herói","Héroe","Hero","vIra","vīra","vIra","true","284"
"substantive","noun","वृक्ष","masculine","Árvore","Árbol","Tree","vRRikSha","vṛkṣa","vRkSa","true","285"
"substantive","adjective","वृद्ध","","Velho","Viejo","Old","vRRiddha","vṛddha","vRddha","true","286"
"substantive","noun","वृद्धत्वम्","neuter","Velhice","Vejez","Old age","vRRiddhatvam","vṛddhatvam","vRddhatvam","true","287"
"substantive","noun","वेधस्","masculine","Criador","Creador","Creator","vedhas vedhA)","vedhas vedhā)","vedhas vedhA)","true","288"
"substantive","adjective","व्याधित","","Doente","Enfermo","Sick","vyAdhita","vyādhita","vyAdhita","true","289"
"substantive","noun","शक्ति","feminine","Poder","Poder","Power","shakti","śakti","zakti","true","290"
"substantive","noun","शठ","masculine","Trapaceiro, canalha","Un pícaro, tramposo, embaucador, estafador","A rogue, cheat, scoundrel, swindler","shaTha","śaṭha","zaTha","true","291"
"substantive","noun","शत्रु","masculine","Inimigo","Enemigo","Enemy","shatru","śatru","zatru","true","292"
"substantive","noun","शर","masculine","Flecha","Flecha","Arrow","shara","śara","zara","true","293"
"substantive","noun","शरद्","feminine","Outono","Otoño","Autumn","sharad sharat)","śarad śarat)","zarad zarat)","true","294"
"substantive","noun","शरीर","neuter","Corpo","Cuerpo","Body","sharIram","śarīram","zarIram","true","295"
"substantive","noun","शर्वरी","feminine","Noite","Noche","Night","sharvarI","śarvarī","zarvarI","true","296"
"substantive","noun","शस्त्र","neuter","Arma","Arma","Weapon","shastram","śastram","zastram","true","297"
"substantive","noun","शास्त्र","neuter","Escritura sagrada; Tratado; Texto de ensino","Escritura sagrada; Tratado; Texto de enseñanza","Sacred scripture; Treatise; Teaching text","shAstra","śāstra","zAstra","true","298"
"substantive","noun","शिशु","masculine","Bebê","Bebé","Baby","shishu","śiśu","zizu","true","299"
"substantive","noun","शिष्य","masculine","Aprendiz; Discípulo; Estudante (aquele que deve ser ensinado)","Aprendiz; Discípulo; Alumno aquel que debe ser enseñado)","Apprentice; Disciple; Student (one who should be taught)","shiShya","śiṣya","ziSya","true","300"
"substantive","adjective","शीत","","Frio, fresco","Frío, fresco","Cold, fresh","shIta","śīta","zIta","true","301"
"substantive","noun","शीर्ष","neuter","Cabeça","Cabeza","Head","shIrSham","śīrṣam","zIrSam","true","302"
"substantive","noun","शील","neuter","Caráter","Carácter","Character","shIlam","śīlam","zIlam","true","303"
"substantive","adjective","शुचि","","Puro","Puro","Pure","shuchi","śuci","zuci","true","304"
"substantive","noun","शुच्","feminine","Dor, Aflição","Dolor, Aflicción","Pain, Affliction","shuch shuk)","śuc śuk)","zuc zuk)","true","305"
"substantive","noun","शृगाल","masculine","Chacal","Chacal","Jackal","shRRigAla","śṛgāla","zRgAla","true","306"
"substantive","adjective","शोभा","","Esplendor","Esplendor","Splendor","shobhA","śobhā","zobhA","true","307"
"substantive","noun","श्रोतार","masculine","Ouvinte","Oyente","Listener","shrotAraH","śrotāraḥ","zrotAraH","true","308"
"substantive","noun","श्रोतृ","masculine","Ouvinte","Oyente","Listener","shrotRRi","śrotṛ","zrotR","true","309"
"substantive","noun","श्वश्रू","feminine","Sogra","Suegra","Mother-in-law","shvashrU","śvaśrū","zvazrU","true","310"
"substantive","adjective","श्वेत","","Branco","Blanco","White","shveta","śveta","zveta","true","311"
"substantive","noun","सख्य","neuter","Amizade","Amistad","Friendship","sakhyam","sakhyam","sakhyam","true","312"
"substantive","noun","सत्य","neuter","Verdade","Verdad","Truth","satyam","satyam","satyam","true","313"
"substantive","noun","सन्ध्या","feminine","Crepúsculo","Crepúsculo","Twilight","sandhyA","sandhyā","sandhyA","true","314"
"substantive","noun","सभा","feminine","Assembleia","Asamblea","Assembly","sabhA","sabhā","sabhA","true","315"
"substantive","noun","समिध्","feminine","Combustível","Combustible","Fuel","samidh samit)","samidh samit)","samidh samit)","true","316"
"substantive","noun","सम्पद्","feminine","Riqueza","Riqueza","Wealth","sampad sampat)","sampad sampat)","sampad sampat)","true","317"
"substantive","noun","सम्राज्","masculine","Imperador","Emperador","Emperor","samrAj samrAT)","samrāj samrāṭ)","samrAj samrAT)","true","318"
"substantive","noun","सरित्","feminine","Rio","Río","River","sarit","sarit","sarit","true","319"
"substantive","noun","सर्प","masculine","Cobra","Serpiente","Snake","sarpa","sarpa","sarpa","true","320"
"substantive","noun","सवितृ","masculine","Sol","Sol","Sun","savitRRi","savitṛ","savitR","true","321"
"substantive","noun","संसार","masculine","Saṃsāra","Saṃsāra","Saṃsāra","saMsAra","saṃsāra","saMsAra","true","322"
"substantive","noun","साधु","masculine","Homem Honesto","Hombre Honesto","Honest Man","sAdhu","sādhu","sAdhu","true","323"
"substantive","adjective","साधु","","Virtuoso","Virtuoso","Virtuous","sAdhu","sādhu","sAdhu","true","324"
"substantive","noun","सिंही","feminine","Leoa","Leona","Lioness","siMhI","siṃhī","siMhI","true","325"
"substantive","noun","सीता","feminine","Sita","Sītā","Sita","sItA","sītā","sItA","true","326"
"substantive","noun","सुख","neuter","Felicidade, alegria, deleite, prazer, conforto, facilidade","Felicidad, alegría, deleite, placer, comodidad, facilidad","Happiness, joy, delight, pleasure, comfort, ease","sukha","sukha","sukha","true","327"
"substantive","adjective","सुगन्धि","","Odorífero","Oloroso","Odorous","sugandhi","sugandhi","sugandhi","true","328"
"substantive","adjective","सुप्त","","Adormecido","Durmiente","Sleeping","supta","supta","supta","true","329"
"substantive","noun","सुमति","masculine","Sumati","Sumati","Sumati","sumati","sumati","sumati","true","330"
"substantive","adjective","सुरभि","","Perfumado","Fragante","Fragrant","surabhi","surabhi","surabhi","true","331"
"substantive","noun","सुहृद्","masculine","Amigo","Amigo","Friend","suhRRid suhRRit)","suhṛd suhṛt)","suhRd suhRt)","true","332"
"substantive","noun","सूत","masculine","Cocheiro","Cochero","Coachman","sUta","sūta","sUta","true","333"
"substantive","noun","सौन्दर्य","neuter","Beleza","Belleza","Beauty","saundaryam","saundaryam","saundaryam","true","334"
"substantive","noun","स्तेन","masculine","Ladrão","Ladrón","Thief","stena","stena","stena","true","335"
"substantive","noun","स्थान","neuter","Lugar","Lugar","Place","sthAnam","sthānam","sthAnam","true","336"
"substantive","noun","स्रज्","feminine","Guirlanda","Guirnalda","Garland","sraj srak)","sraj srak)","sraj srak)","true","337"
"substantive","noun","स्वसृ","feminine","Irmã","Hermana","Sister","svasRRi","svasṛ","svasR","true","338"
"substantive","adjective","स्वादु","","Doce","Dulce","Sweet","svAdu","svādu","svAdu","true","339"
"substantive","adjective","हत","","Morto","Asesinado","Slain","hata","hata","hata","true","340"
"substantive","noun","हनु","feminine","Mandíbula, Queixo","Mandíbula, Barbilla","Jaw, Chin","hanu","hanu","hanu","true","341"
"substantive","noun","हरि","masculine","Hari","Hari","Hari","hari","hari","hari","true","342"
"substantive","adjective","हरित","","Verde","Verde","Green","harita","harita","harita","true","343"
"substantive","noun","हल","neuter","Arado","Arado","Plow","halam","halam","halam","true","344"
"substantive","noun","हंस","masculine","Cisne","Cisne","Swan","haMsa","haṃsa","haMsa","true","345"
"substantive","noun","हस्त","masculine","Mão","Mano","Hand","hasta","hasta","hasta","true","346"
"substantive","noun","हास्य","neuter","Ridículo","Ridículo","Ridiculous","hAsyam","hāsyam","hAsyam","true","347"
"substantive","noun","हेतु","masculine","Causa","Causa","Cause","hetu","hetu","hetu","true","348"
"substantive","noun","ह्रद","masculine","Lago","Lago","Lake","hrada","hrada","hrada","true","349"