word_type,word_devanagari,root_devanagari,verb_class,voice,standard_form,meaning_pt,meaning_es,meaning_en,past_imperfect,potential,imperative,past_participle,gerund,infinitive,ppp,itrans,iast,harvard_kyoto,is_published,order_index
"verb","√मन्","√मन्","4","atmanepada","मन्यते","Pensar","Pensar","To think","अमन्यत","मन्येत","मन्यताम्","मम्ने","मन्त्वा","मन्तुम्","मित","manyate","manyate","manyate","true","1"
"verb","√अस्","√अस्","2","parasmaipada","अस्ति","Ser, existir","Ser, existir","To be, to exist","आसीत्","स्यात्","अस्तु","आसीत् (o आस्ते en uso idiomático)","","","","asti","asti","asti","true","2"
"verb","√अस्","√अस्","4","parasmaipada","अस्यति","Jogar, brincar, arremessar","Lanzar, jugar, lanzar","To throw, to play, to hurl","आस्यात्","अस्येत्","अस्यतु","आसास्ये","अस्यित्वा","अस्यितुम्","असित","asyati","asyati","asyati","true","3"
"verb","√इष्","√इष्","6","parasmaipada","इच्छति","Querer, desejar","Querer, desear","To want, to desire","ऐच्छत्","इच्छेत्","इच्छतु","आइष","इच्छित्वा","इच्छितुम्","इष्ट","ichChati","icchati","icchati","true","4"
"verb","√ईक्ष्","√ईक्ष्","1","atmanepada","ईक्षते","Ver","Ver","To see","ऐक्षत","ईक्षेत","ईक्षताम्","ईक्षे","ईक्षित्वा","ईक्षितुम्","ईक्षित","IkShate","īkṣate","IkSate","true","5"
"verb","√कथ्","√कथ्","10","ubhayapada","कथयति","Dizer","Decir","To say","अकथयत्","कथयेत्","कथयतु","चकथय","कथयित्वा","कथयितुम्","कथित","kathayati","kathayati","kathayati","true","6"
"verb","√कम्प्","√कम्प्","1","atmanepada","कम्पते","Tremer, pressionar","Temblar, pulsar","To tremble, to press","अकम्पत","कम्पेत","कम्पताम्","चकम्पे","कम्पित्वा","कम्पितुम्","कम्पित","kampate","kampate","kampate","true","7"
"verb","√कुप्","√कुप्","4","parasmaipada","कुप्यति","Ir à raiva (+4°C)","Estar enojado (+4°c)","To be angry (+4°C)","अकुप्यत्","कुप्येत्","कुप्यतु","चकुप्य","कुप्यित्वा","कुप्यितुम्","कुपित","kupyati","kupyati","kupyati","true","8"
"verb","√कृ","√कृ","8","ubhayapada","करोति","Fazer, trabalhar","Hacer, trabajar","To do, to work","अकरोत्","कुर्यात्","करोतु","चकार","कृत्वा","कर्तुम्","कृत","karoti","karoti","karoti","true","9"
"verb","√कृ (caus)","√कृ (caus)","8","ubhayapada","कारयति","Fazer, estabelecer","Hacer, establecer","To make, to establish","अकारयत्","कारयेत्","कारयतु","चकारय","कारयित्वा","कारयितुम्","कारित","kArayati","kārayati","kArayati","true","10"
"verb","√कृत्","√कृत्","6","parasmaipada","कृन्तति","Cortar","Cortar","To cut","अक्रिन्तत्","कृन्तेत्","कृन्ततु","चकृन्त","कृन्तित्वा","कृन्तितुम्","कृत","kRRintati","kṛntati","kRntati","true","11"
"verb","√कृष्","√कृष्","1","parasmaipada","कर्षति","Pegar, arrastar","Tomar, arrastrar","To take, to drag","अकर্ষत्","कर्षेत्","कर्षतु","चकार्ष","कर्षित्वा","कर्षितुम्","कृष्ट","karShati","karṣati","karSati","true","12"
"verb","√कृष्","√कृष्","6","ubhayapada","कृषति","Arar, arar","Arar, arar","To plow, to plow","अकृषत्","कृष्येत्","कृष्यताम्","चकृषे","कृषित्वा","कृषितुम्","कृषित","kRRiShati","kṛṣati","kRSati","true","13"
"verb","√कृष्णाय","√कृष्णाय","","atmanepada","कृष्णायते","Fazer preto","Hacer negro","To make black","अकृष्णायत","कृष्णायेत","कृष्णायताम्","चकृष्णाय","कृष्णायित्वा","कृष्णायितुम्","कृष्णीत","kRRiShNAyate","kṛṣṇāyate","kRSNAyate","true","14"
"verb","√कॢप्","√कॢप्","1","atmanepada","कल्पते","Estar em forma (+4°C)","Estar en forma (+4°c)","To be fit (+4°C)","अकल्पत","कल्पेत","कल्पताम्","चकल्पे","कल्पित्वा","कल्पितुम्","कल्पित","kalpate","kalpate","kalpate","true","15"
"verb","√क्रीड्","√क्रीड्","1","parasmaipada","क्रीडति","Jogar","Jugar","To play","अक्रीडत्","क्रीडेत्","क्रीडतु","चक्रीड","क्रीडित्वा","क्रीडितुम्","क्रीडित","krIDati","krīḍati","krIDati","true","16"
"verb","√क्षम्","√क्षम्","4","parasmaipada","क्षाम्यति","Perdoar","Perdonar","To forgive","अक्षाम्यत्","क्षाम्येत्","क्षाम्यतु","चक्षाम्य","क्षाम्यित्वा","क्षाम्यितुम्","क्षमित","kShAmyati","kṣāmyati","kSAmyati","true","17"
"verb","√क्षल्","√क्षल्","10","ubhayapada","क्षालयति","Lavar","Lavar","To wash","अक्षालयत्","क्षालयेत्","क्षालयतु","चक्षालय","क्षालयित्वा","क्षालयितुम्","क्षालित","kShAlayati","kṣālayati","kSAlayati","true","18"
"verb","√क्षिप्","√क्षिप्","4","parasmaipada","क्षिपति","Jogar","Arrojar","To throw","अक्षिपत्","क्षिपेत्","क्षिपतु","चक्षिप","क्षिपित्वा","क्षिपितुम्","क्षिप्त","kShipati","kṣipati","kSipati","true","19"
"verb","√खण्ड्","√खण्ड्","10","parasmaipada","खण्डयति","Fender","Partir","To split","अखण्डयत्","खण्डयेत्","खण्डयतु","चखण्डय","खण्डयित्वा","खण्डयितुम्","खण्डित","khaNDayati","khaṇḍayati","khaNDayati","true","20"
"verb","√खन्","√खन्","1","ubhayapada","खनति","Cavar","Cavar","To dig","अखनत्","खन्येत्","खन्यताम्","चख्ने","खनित्वा","खनितुम्","खनित","khanati","khanati","khanati","true","21"
"verb","√खाद्","√खाद्","1","parasmaipada","खादति","Comer","Comer","To eat","अखादत्","खादेत्","खादतु","चखाद","खादित्वा","खादितुम्","खादित","khAdati","khādati","khAdati","true","22"
"verb","√गण्","√गण्","10","ubhayapada","गणयति","Dizer","Decir","To say","अगणयत्","गणयेत्","गणयतु","जगणयौ","गणयित्वा","गणयितुम्","गणित","gaNayati","gaṇayati","gaNayati","true","23"
"verb","√गम्","√गम्","1","parasmaipada","गच्छति","Ir","Ir","To go","अगच्छत्","गच्छेत्","गच्छतु","जगाम","गत्वा","गन्तुम्","गत","gachChati","gacchati","gacchati","true","24"
"verb","√गाह्","√गाह्","1","atmanepada","गाहते","Mergulhando","Zambullirse","To dive","अगाहित","गाहेत","गाहिताम्","जगाहे","गाहित्वा","गाहितुम्","गाहित","gAhate","gāhate","gAhate","true","25"
"verb","√गुह्","√गुह्","1","ubhayapada","गूहति","Escondendo","Ocultar","To hide","अगूहत्","गूहेत्","गूहतु","जुगूह","गूहित्वा","गूहितुम्","गूढ","gUhati","gūhati","gUhati","true","26"
"verb","√गै","√गै","1","parasmaipada","गायति","Cantar","Cantar","To sing","अगायत्","गायेत्","गायतु","जगौ","गायतित्वा / गात्वा","गातुम्","गीत","gAyati","gāyati","gAyati","true","27"
"verb","√ग्रह्","√ग्रह्","9","ubhayapada","गृह्यते","Pegar, agarrar","Atrapar, Apoderarse","To catch, to seize","अगृह्यत","गृह्येत","गृह्यताम्","जग्रहे","गृह्यित्वा","गृह्यितुम्","गृहीत","gRRihyate","gṛhyate","gRhyate","true","28"
"verb","√घुष्","√घुष्","10","ubhayapada","घोषयति","Proclamar","Proclamar","To proclaim","अघोषयत्","घोषयेत्","घोषयतु","जघोषयौ","घोषयित्वा","घोषयितुम्","घोषित","ghoShayati","ghoṣayati","ghoSayati","true","29"
"verb","√घ्रा","√घ्रा","1","parasmaipada","जिघ्रति","Cheirar","Oler","To smell","अजिघ्रत्","जिघ्र्यात्","जिघ्रतु","जग्रौ","जिघ्रित्वा","जिघ्रितुम्","घ्रात","jighrati","jighrati","jighrati","true","30"
"verb","√चर्","√चर्","1","parasmaipada","चरति","Mover-se","Mover","To move","अचरत्","चरेत्","चरतु","चकार","चरित्वा","चरितुम्","चरित","charati","carati","carati","true","31"
"verb","√चल्","√चल्","1","parasmaipada","चलति","Mover-se (+4°C)","Moversse)","To move (+4°C)","अचलत्","चलेत्","चलतु","चचाल","चलित्वा","चलितुम्","चलित","chalati","calati","calati","true","32"
"verb","√चिन्त्","√चिन्त्","10","ubhayapada","चिन्तयति","Pensar","Pensar","To think","अचिन्तयत्","चिन्तयेत्","चिन्तयतु","चिचिन्तयौ","चिन्तयित्वा","चिन्तयितुम्","चिन्तित","chintayati","cintayati","cintayati","true","33"
"verb","√चुर्","√चुर्","10","ubhayapada","चोरयति","Roubar","Robar","To steal","अचोरयत्","चोरयेत्","चोरयतु","चचोरयौ","चोरयित्वा","चोरयितुम्","चोरित","chorayati","corayati","corayati","true","34"
"verb","√छद्","√छद्","10","ubhayapada","छादयति","Cobrir","Cubrir","To cover","अछादयत्","छादयेत्","छादयतु","चछादयौ","छादयित्वा","छादयितुम्","छन्न","ChAdayati","chādayati","chAdayati","true","35"
"verb","√जन्","√जन्","4","atmanepada","जायते","Nascer","Nacer","To be born","अजायत","जायेत","जायताम्","जज्ञे","जात्वा","जातुम्","जात","jAyate","jāyate","jAyate","true","36"
"verb","√जि","√जि","1","parasmaipada","जयति","Triunfar; Vencer; Conquistar","Triunfar; Vencer; Conquistar","To triumph; To overcome; Conquer","अजयत्","जयेते","जयतु","जिजय","जित्वा","जेतुम् / जयितुम्","जित","jayati","jayati","jayati","true","37"
"verb","√जीव्","√जीव्","1","parasmaipada","जीवति","Viver","Vivir","Live","अजिवत्","जीवेत्","जीवतु","जिजीव","जीवित्वा","जीवितुम्","जीवित","jIvati","jīvati","jIvati","true","38"
"verb","√डी","√डी","4","atmanepada","डीयते","Voar","Volar","Fly","अडीयत","डीयेत","डीयताम्","दिडे","डीयित्वा","डीयितुम्","डीत","DIyate","ḍīyate","DIyate","true","39"
"verb","√तड्","√तड्","10","ubhayapada","ताडयति","Vencer","Ganar","Win","अताडयत्","ताडयेत्","ताडयतु","तताडयौ","ताडयित्वा","ताडयितुम्","ताडित","tADayati","tāḍayati","tADayati","true","40"
"verb","√तुद्","√तुद्","6","ubhayapada","तुदति","Atacar","Golpear","Strike","अतुदत्","तुदेत्","तुदतु","तुतोद","तुत्त्वा","तोत्तुम्","तुन्न","tudati","tudati","tudati","true","41"
"verb","√तुल्","√तुल्","10","ubhayapada","तोलयति","Arrepender-se","Lamentar","Regret","अतोलयत्","तोलयेत्","तोलयतु","तुतोलयौ","तोलयित्वा","तोलयितुम्","तोलित","tolayati","tolayati","tolayati","true","42"
"verb","√तुष्","√तुष्","4","parasmaipada","तुष्यति","Ficar satisfeito ou satisfeito, ser feliz ou encantado com algo (geralmente com instruções)","Estar contento o satisfecho, estar contento o encantado con algo generalmente con instr.)","Be pleased or satisfied, be happy or delighted with something (usually with instr.)","अतुष्यत्","तुष्येत्","तुष्यतु","तुतोष","तुष्ट्वा","तोष्टुम्","तुष्ट","tuShyati","tuṣyati","tuSyati","true","43"
"verb","√त्यज्","√त्यज्","1","parasmaipada","त्यजति","Abandonar","Abandonar","Abandon","अत्यजत्","त्यजेत्","त्यजतु","तत्याज","त्यक्त्वा","त्यजितुम् / त्यक्तुम्","त्यक्त","tyajati","tyajati","tyajati","true","44"
"verb","√दण्ड्","√दण्ड्","10","ubhayapada","दण्डयति","Punir, repreender","Castigar, reprender","Punish, reprimand","अदण्डयत्","दण्डयेत्","दण्डयतु","ददण्डयौ","दण्डयित्वा","दण्डयितुम्","दण्डित","daNDayati","daṇḍayati","daNDayati","true","45"
"verb","√दंश्","√दंश्","1","parasmaipada","दंशति","Morder","Morder","Bite","अदंशत्","दंशेत्","दंशतु","ददंश","दंशित्वा","दंशितुम्","दष्ट","daMshati","daṃśati","daMzati","true","46"
"verb","√दह्","√दह्","1","parasmaipada","दहति","Queimar","Quemar","Burn","अदहत्","दहेत्","दहतु","ददाह","दग्ध्वा","दहितुम् / दग्धुम्","दग्ध","dahati","dahati","dahati","true","47"
"verb","√दा","√दा","3","ubhayapada","ददाति","Dar, conceder, conceder, oferecer, ceder, transmitir, apresentar","Dar, conceder, otorgar, ofrecer, ceder, impartir, presentar","Give, grant, bestow, offer, yield, impart, present","अददत्","दद्यात्","ददातु","ददौ","दत्त्वा","दातुम्","दत्त","dadAti","dadāti","dadAti","true","48"
"verb","√दा","√दा","1","parasmaipada","यच्छति","Dar, conceder, conceder, oferecer","Dar, conceder, otorgar, ofrecer","Give, concede, bestow, offer","अयच्छत्","यच्छेत्","यच्छतु","ययाम","यत्वा","यमितुम् / यन्तुम्","यत","yachChati","yacchati","yacchati","true","49"
"verb","√दिव्","√दिव्","4","parasmaipada","दीव्यति","Jogar","Jugar","Play","अदीव्यत्","दीव्येत्","दीव्यतु","दिद्यिव","दीव्यित्वा","दीव्यितुम्","दीवित","dIvyati","dīvyati","dIvyati","true","50"
"verb","√दिश्","√दिश्","6","ubhayapada","दिशति / दिशते","Apontar, mostrar, exibir","Señalar, mostrar, exhibir","Point, show, exhibit","अदिशत्","दिशेत्","दिशतु","दिदेश","दिष्ट्वा","देष्टुम्","दिष्ट","dishati / dishate","diśati / diśate","dizati / dizate","true","51"
"verb","√दृश्","√दृश्","1","parasmaipada","पश्यति","Ver, olhar","Ver, mirar","See, look","अपश्यत्","पश्येत्","पश्यतु","ददर्श","दृष्ट्वा","द्रष्टुम्","दृष्ट","pashyati","paśyati","pazyati","true","52"
"verb","√द्रु","√द्रु","1","parasmaipada","द्रवति","Fluir","Fluir","Flow","अद्रवत्","द्रवेत्","द्रवतु","दुद्राव","द्रुत्वा","द्रोतुम्","द्रुत","dravati","dravati","dravati","true","53"
"verb","√धाव्","√धाव्","1","parasmaipada","धावति","Correr","Correr","Run","अधावत्","धावेत्","धावतु","दधाव","धाव्त्वा / धावित्वा","धावितुम्","धावित","dhAvati","dhāvati","dhAvati","true","54"
"verb","√धृ","√धृ","10","ubhayapada","धारयति","Deve","Deber","Must","अधारयत्","धारयेत्","धारयतु","दधारयौ","धारयित्वा","धारयितुम्","धृत","dhArayati","dhārayati","dhArayati","true","55"
"verb","√ध्मा","√ध्मा","1","parasmaipada","धमति","Soprar","Soplar","Blow","अधमत्","धमेत्","धमतु","दध्मौ","धमित्वा","धमितुम्","ध्मात","dhamati","dhamati","dhamati","true","56"
"verb","√नम्","√नम्","1","parasmaipada","नमति","Cumprimentar","Saludar","Greet","अनमत्","नमेत्","नमतु","ननाम","नत्वा","नमितुम्","नत","namati","namati","namati","true","57"
"verb","√नश्","√नश्","4","parasmaipada","नश्यति","Perecer","Perecer","Perish","अनश्यत्","नश्येत्","नश्यतु","ननश","नश्यित्वा","नश्यितुम्","नष्ट","nashyati","naśyati","nazyati","true","58"
"verb","√निन्द्","√निन्द्","1","parasmaipada","निन्दति","Culpar, condenar","Culpar, condenar","Blame, condemn","अनिन्दत्","निन्देत्","निन्दतु","निनिन्द","निन्दित्वा","निन्दितुम्","निन्दित","nindati","nindati","nindati","true","59"
"verb","√नी","√नी","1","ubhayapada","नयति / नयते","Liderar","Liderar","Lead","अनयत्","नयेत्","नयतु","निनाय","नीयत्वा","नेतुम्","नीत","nayati / nayate","nayati / nayate","nayati / nayate","true","60"
"verb","√नृत्","√नृत्","4","parasmaipada","नृत्यति","Dançar, mover-se","Bailar, moverse","Dance, move","अनृत्यत्","नृत्येत्","नृत्यतु","ननर्त","नृत्त्वा","नर्त्तुम् / नर्तितुम्","नृत्त","nRRityati","nṛtyati","nRtyati","true","61"
"verb","√पच्","√पच्","1","ubhayapada","पचति / पचते","Cozinhar","Cocinar","Cook","अपचत्","पचेत्","पचतु","पपाच","पक्त्वा","पक्तुम्","पक्त","pachati / pachate","pacati / pacate","pacati / pacate","true","62"
"verb","√पठ्","√पठ्","1","parasmaipada","पठति","Recitar","Recitar","Recite","अपठत्","पठेत्","पठतु","पपाठ","पठित्वा","पठितुम्","पठित","paThati","paṭhati","paThati","true","63"
"verb","√पत्","√पत्","1","parasmaipada","पतति","Cair","Caer","Fall","अपतत्","पतेत्","पततु","पपात","पतित्वा","पतितुम्","पतित","patati","patati","patati","true","64"
"verb","√पद्","√पद्","4","atmanepada","पद्यते","Ir, obter","Ir, obtener","Go, obtain","अपद्यत","पद्येत","पद्यताम्","पपादे","पदित्वा","पदितुम्","पतित","padyate","padyate","padyate","true","65"
"verb","√पा","√पा","1","parasmaipada","पिबति","Beber","Beber","Drink","अपिबत्","पिबेत्","पिबतु","पपौ","पीत्वा","पीतुम्","पीत","pibati","pibati","pibati","true","66"
"verb","√पाल्","√पाल्","10","ubhayapada","पालयति","Proteger","Proteger","Protect","अपालयत्","पालयेत्","पालयतु","पपालयौ","पालयित्वा","पालयितुम्","पालित","pAlayati","pālayati","pAlayati","true","67"
"verb","√पीड्","√पीड्","10","ubhayapada","पीडयति","Oprimir","Oprimir","Oppress","अपीडयत्","पीडयेत्","पीडयतु","पपीडयौ","पीडयित्वा","पीडयितुम्","पीडित","pIDayati","pīḍayati","pIDayati","true","68"
"verb","√पुष्","√पुष्","4","parasmaipada","पुष्यति","Nutrir","Nutrir","Nurture","अपुष्यत्","पुष्येत्","पुष्यतु","पुपुष","पुष्यित्वा","पुष्यितुम्","पुष्ट","puShyati","puṣyati","puSyati","true","69"
"verb","√पूज्","√पूज्","10","ubhayapada","पूजयति","Adorar","Adorar","Adore","अपूजयत्","पूजयेत्","पूजयतु","पपूजयौ","पूजयित्वा","पूजयितुम्","पूजित","pUjayati","pūjayati","pUjayati","true","70"
"verb","√प्रच्छ्","√प्रच्छ्","6","parasmaipada","पृच्छति","Perguntar, interrogar,","Preguntar, interrogar, pedir","Ask, interrogate, ask","अपृच्छत्","पृच्छेत्","पृच्छतु","पप्रच्छ","पृष्ट्वा","पृष्टुम्","पृष्ट","pRRichChati","pṛcchati","pRcchati","true","71"
"verb","√प्रच्छ् (pas)","√प्रच्छ् (pas)","6","parasmaipada","पृच्छ्यते","Solicitar","Pedir","Request","अपृच्छ्यत","पृच्छ्येत","पृच्छ्यताम्","पपृच्छ्ये","पृष्ट्वा","पृष्टुम्","पृष्ट","prachChyati","pracchyati","pracchyati","true","72"
"verb","√बन्ध्","√बन्ध्","9","parasmaipada","बध्यते","Conectar, unir","Conectar, unir","Connect, unite","अबध्यत","बध्येत","बध्यताम्","बबन्धे","बद्ध्वा","बन्धितुम्","बद्ध","badhyate","badhyate","badhyate","true","73"
"verb","√बुध्","√बुध्","1","ubhayapada","बोधति / बोधते","Saber","Conocer","Know","अबोधत्","बोधेयम्","बोधतु","बुबोध","बुधित्वा","बोधितुम्","बोधित","bodhati / bodhate","bodhati / bodhate","bodhati / bodhate","true","74"
"verb","√भक्ष्","√भक्ष्","10","ubhayapada","भक्षयति","Comer","Comer","Eat","अभक्षयत्","भक्षयेत्","भक्षयतु","बभक्षयौ","भक्षयित्वा","भक्षयितुम्","भक्षित","bhakShayati","bhakṣayati","bhakSayati","true","75"
"verb","√भञ्ज्","√भञ्ज्","7","parasmaipada","भज्यते","Pausar","Romper","Break","अभज्यत","भज्येत","भज्यताम्","बभञ्जे","भित्त्वा","भेत्तुम्","भिन्न","bhajyate","bhajyate","bhajyate","true","76"
"verb","√भाष्","√भाष्","1","atmanepada","भाषते","Falar","Hablar","Speak","अभाषत","भाषेत","भाषेताम्","बभाषे","भाषित्वा","भाषितुम्","भाषित","bhAShate","bhāṣate","bhASate","true","77"
"verb","√भू","√भू","1","parasmaipada","भवति","Ser; Existir","Ser; Existir","Be; Exist","अभवत्","भवेयम्","भवतु","बभूव","भूत्वा","भवितुम्","भूत","bhavati","bhavati","bhavati","true","78"
"verb","√भूष्","√भूष्","10","ubhayapada","भूषयति","Adornar","Adornar","Adorn","अभूषयत्","भूषयेत्","भूषयतु","बभूषयौ","भूषयित्वा","भूषयितुम्","भूषित","bhUShayati","bhūṣayati","bhUSayati","true","79"
"verb","√भृ","√भृ","1","ubhayapada","भरति","Alimentar, manter","Alimentar, mantener","Feed, maintain","अबभरत्","भरेत्","भरतु","बभार","भर्त्वा","भर्तुम्","भ्र्त","bharati","bharati","bharati","true","80"
"verb","√भ्रम्","√भ्रम्","4","parasmaipada","भ्राम्यति","Vagabundear, errar, viajar","Vagar, err, viajar","Wander, err, travel","अभ्राम्यत्","भ्राम्येत्","भ्राम्यतु","बभ्राम","भ्राम्यित्वा","भ्राम्यितुम्","भ्रान्त","bhrAmyati","bhrāmyati","bhrAmyati","true","81"
"verb","√भ्रंश्","√भ्रंश्","4","parasmaipada","भ्रश्यति","Cair","Caer","Fall","अभ्रश्यत्","भ्रश्येत्","भ्रश्यतु","बभ्रंश","भ्रश्यित्वा","भ्रश्यितुम्","भ्रष्ट","bhrashyati","bhraśyati","bhrazyati","true","82"
"verb","√मद्","√मद्","4","parasmaipada","माद्यति","Alegrar-se, ficar satisfeito, ser feliz","Regocijarse, Satisfacerse, alegrarse","Rejoice, be satisfied, be glad","अमाद्यत्","माद्येत्","माद्यतु","ममाद","मत्त्वा","मदितुम्","मत्त","mAdyati","mādyati","mAdyati","true","83"
"verb","√मन्","√मन्","4","atmanepada","मन्यते","Pensar","Pensar","Think","अमन्यत","मन्येत","मन्यताम्","ममेने","मत्वा","मन्तुम्","मत","manyate","manyate","manyate","true","84"
"verb","√मन्त्र्","√मन्त्र्","10","atmanepada","मन्त्रयते","Consultar","Consultar","Consult","अमन्त्रयत","मन्त्रयेत","मन्त्रयताम्","ममन्त्रयत","मन्त्रयित्वा","मन्त्रयितुम्","मन्त्रित","mantrayate","mantrayate","mantrayate","true","85"
"verb","√मुच्","√मुच्","6","ubhayapada","मुञ्चति","Libertar","Liberar","Release","अमुञ्चत्","मुञ्चेत्","मुञ्चतु","मुमोच","मुक्त्वा","मोक्तुम्","मुक्त","mu~nchati","muñcati","muJcati","true","86"
"verb","√मुह्","√मुह्","4","parasmaipada","मुह्यति","Desmaiar","Desmayarse","Faint","अमुह्यत्","मुह्येत","मुह्यतु","मुमोह","मुह्यित्वा","मुह्यितुम्","मूढ","muhyati","muhyati","muhyati","true","87"
"verb","√मृ","√मृ","6","atmanepada","म्रियते","Morrer, falecer","Morir, fallecer","Die, pass away","अम्रियत","म्रियेत","म्रियताम्","ममार","मृत्वा","मन्तुम्","मृत","mriyate","mriyate","mriyate","true","88"
"verb","√मृग्","√मृग्","10","atmanepada","मृगयते","Buscar, perseguir, caçar","Buscar, Perseguir, Cazar","Seek, pursue, hunt","अमृगयत","मृगयेत","मृगयताम्","ममृगयत","मृगयित्वा","मृगयितुम्","मृगित","mRRigayate","mṛgayate","mRgayate","true","89"
"verb","√यज् (pas)","√यज् (pas)","1","ubhayapada","इज्यते","Adorar; venerar; honrar; reverenciar","Adorar; Venerar; Honrar; Reverenciar","Adore; venerate; honor; revere","अइज्यत","इज्येत","इज्यताम्","इये","यष्ट्वा","यष्टुम्","इष्ट","ijyate","ijyate","ijyate","true","90"
"verb","√यज्","√यज्","1","ubhayapada","यजति / यजते","Adorar; venerar; honrar; reverenciar","Adorar; Venerar; Honrar; Reverenciar","Adore; venerate; honor; revere","अयजत् / अयजत","यजेत् / यजेत","यजतु / यजताम्","इयाज / ईजे","इष्ट्वा","यष्टुम्","इष्ट","yajati / yajate","yajati / yajate","yajati / yajate","true","91"
"verb","√यम्","√यम्","1","parasmaipada","यच्छति","Ir, restringir, controlar, dar, oferecer, apoiar, sustentar","Ir, restringir, controlar, dar, ofrecer, dar soporte, sustentar","Go, restrain, control, give, offer, support, sustain","अयच्छत्","यच्छेत्","यच्छतु","ययाम","यत्वा","यमितुम् / यन्तुम्","यत","yachChati","yacchati","yacchati","true","92"
"verb","√युध्","√युध्","4","atmanepada","युध्यते","Esforçar-se","Luchar","Strive","अयुध्यत","युध्येत","युध्यताम्","युयुध्ये","युध्यित्वा","युध्यितुम्","युत","yudhyate","yudhyate","yudhyate","true","93"
"verb","√रक्ष","√रक्ष","1","parasmaipada","रक्षति","Proteger","Proteger","Protect","अरक्षत्","रक्षेत्","रक्षतु","ररक्ष","रक्षत्वा","रक्षितुम्","रक्षित","rakShati","rakṣati","rakSati","true","94"
"verb","√रच","√रच","10","ubhayapada","रचयति","Arranjar, dispor, dispor","Arreglar, disponer, disponer","Arrange, arrange, dispose","अरचयत्","रचयेत्","रचयतु","ररचयौ","रचयित्वा","रचयितुम्","रचित","rachayati","racayati","racayati","true","95"
"verb","√रुच्","√रुच्","1","atmanepada","रोचते","Brilhar, parecer esplêndido ou belo; gostar, ser agradável com; ser agradável a, ser agradável com as coisas); usado com dados da pessoa que está satisfeita","Brillar, lucir espléndido o hermoso; Gustar, estar complacido con; ser agradable a, complacer de las cosas); usado con dat. de la persona que está complacida","Shine, look splendid or beautiful; like, be pleased with; be pleasing to, be pleased with things); used with data of the person who is pleased","अरोचत","रोचेत","रोचताम्","रुरुचे","रुचित्वा / रोचित्वा","रोचितुम्","रुचित","rochate","rocate","rocate","true","96"
"verb","√रुह्","√रुह्","1","parasmaipada","रोहति","Crescer","Crecer","Grow","अरुहत्","रोहेत्","रोहतु","रुरोह","रुहित्वा / रूढ्वा","रोहितुम् / रोढुम्","रूढ","rohati","rohati","rohati","true","97"
"verb","√लभ्","√लभ्","1","atmanepada","लभते","Obter","Obtener","Obtain","अलभत","लभेत","लभेताम्","ललाभ","लभित्वा","लभितुम्","लभित","labhate","labhate","labhate","true","98"
"verb","√लिख्","√लिख्","6","parasmaipada","लिखति","Escrever","Escribir","Write","अलिखत्","लिखेत्","लिखतु","लिलिख","लिखित्वा","लिखितुम्","लिखित","likhati","likhati","likhati","true","99"
"verb","√लिप्","√लिप्","6","ubhayapada","लिम्पति","Ungir com óleo","Ungir con aceite","Anoint with oil","अलिम्पत्","लिम्पेत्","लिम्पतु","लिलिम्प","लिम्पित्वा","लिम्पितुम्","लिप्त","limpati","limpati","limpati","true","100"
"verb","√लुट्","√लुट्","4","parasmaipada","लुट्यति","Revolver","Revolcarse","Wallow","अलुट्यत्","लुट्येत","लुट्यतु","लुलुट्य","लुट्यित्वा","लुट्यितुम्","लुटित","luTyati","luṭyati","luTyati","true","101"
"verb","√लुप्","√लुप्","6","ubhayapada","लुम्पति","Quebrar, cortar, destruir, ferir;","Romper, cortar, destruir, herir;","Break, cut, destroy, wound;","अलुम्पत्","लुम्पेत्","लुम्पतु","लुलोप","लुप्त्वा","लोप्तुम्","लुप्त","lumpati","lumpati","lumpati","true","102"
"verb","√वच्","√वच्","10","ubhayapada","उच्यते","Para ser falado","[Ser] hablado","To be spoken","अउच्यत","उच्येत","उच्यताम्","उवाच्ये","उक्त्वा","वक्तुम्","उक्त","uchyate","ucyate","ucyate","true","103"
"verb","√वद् (pas)","√वद् (pas)","1","parasmaipada","उद्यते","Para ser falado","[Ser] hablado","To be spoken","औद्यत","उद्येत","उद्यताम्","उवदत","उदित्वा","उदितुम्","उदित","udyate","udyate","udyate","true","104"
"verb","√वद्","√वद्","1","parasmaipada","वदति","Para falar","Hablar","To speak","अवदत्","वदेत्","वदतु","उवाद","वदित्वा / उदित्वा","वदितुम्","उदित / वदित","vadati","vadati","vadati","true","105"
"verb","√वन्द्","√वन्द्","1","atmanepada","वन्दते","Para saudar","Saludar","To greet","अवन्दत","वन्देत","वन्देताम्","ववन्दे","वन्दित्वा","वन्दितुम्","वन्दित","vandate","vandate","vandate","true","106"
"verb","√वप् (pas)","√वप् (pas)","1","ubhayapada","उप्यते","Para plantar","Plantar","To plant","औप्यत","उप्येत","उप्यताम्","उवप्ये","उपित्वा","उपितुम्","उप्त","upyate","upyate","upyate","true","107"
"verb","√वप्","√वप्","1","ubhayapada","वपति","Para plantar","Plantar","To plant","अवपत्","वपेत्","वपतु","ववाप","वप्त्वा","वप्तुम्","उप्त","vapati","vapati","vapati","true","108"
"verb","√वस् (pas)","√वस् (pas)","1","parasmaipada","उष्यते","Para ser habitado","[Ser] habitado","To be inhabited","औष्यत","उष्येत","उष्यताम्","उवास्ये","वासित्वा","वसितुम्","उक्त","uShyate","uṣyate","uSyate","true","109"
"verb","√वस्","√वस्","1","parasmaipada","वसति","Para habitar","Habitar","To inhabit","अवसत्","वसेत्","वसतु","उवास","उष्ट्वा / उषित्वा","वस्तुम् / वसितुम्","उषित / उष्ट","vasati","vasati","vasati","true","110"
"verb","√वह् (pas)","√वह् (pas)","1","ubhayapada","उह्यते","Para ser carregado, carregado","[Ser] llevado, llevado","To be carried, carried","औह्यत","उह्येत","उह्यताम्","उवाह्ये","वहित्वा","वहितुम्","ऊढ","uhyate","uhyate","uhyate","true","111"
"verb","√वह्","√वह्","1","ubhayapada","वहति","Para tomar, fluir","Tomar, fluir","To take, to flow","अवहत्","वहेत्","वहतु","उवह","वहित्वा","वक्तुम्","वहित","vahati","vahati","vahati","true","112"
"verb","√विद्","√विद्","6","ubhayapada","विन्दति","Para encontrar, descobrir, adquirir, ganhar, obter","Encontrar, descubrir, adquirir, ganar, obtener","To find, to discover, to acquire, to gain, to obtain","अविन्दत्","विन्देत्","विन्दतु","विवेद","वित्त्वा","वेत्तुम्","विन्न / वित्त","vindati","vindati","vindati","true","113"
"verb","√विश्","√विश्","6","parasmaipada","विशति","Para entrar","Entrar","To enter","अविशत्","विशेत्","विशतु","विवेश","विशित्वा","विशितुम्","ृष्ट","vishati","viśati","vizati","true","114"
"verb","√वृत्","√वृत्","1","atmanepada","वर्तते","Para existir","Existir","To exist","अवर्तत","वर्तेत","वर्तताम्","ववृते","वर्तित्वा","वर्तितुम्","वृत","vartate","vartate","vartate","true","115"
"verb","√वृध्","√वृध्","1","atmanepada","वर्धते","Para aumentar","Incrementar","To increase","अवर्धत","वर्धेत","वर्धताम्","ववृधे","वर्धित्वा","वर्धितुम्","वृद्ध","vardhate","vardhate","vardhate","true","116"
"verb","√वेप्","√वेप्","1","atmanepada","वेपते","Para tremer","Temblar","To tremble","अवेपत","वेपेत","वेपताम्","विवेपे","वेपित्वा","वेपितुम्","वेप्त","vepate","vepate","vepate","true","117"
"verb","√व्यध्","√व्यध्","4","parasmaipada","विध्यति","Para passar através","Atravesar","To pass through","अविध्यत्","विध्येत","विध्यतु","विव्याध","विध्यित्वा","विध्यितुम्","विद्ध","vidhyati","vidhyati","vidhyati","true","118"
"verb","√व्रज्","√व्रज्","1","ubhayapada","व्रजति","Para ir","Ir","To go","अव्रजत्","व्रजेत्","व्रजतु","विव्राज","व्रजित्वा","व्रजितुम्","वृत्त","vrajati","vrajati","vrajati","true","119"
"verb","√शम्","√शम्","4","parasmaipada","शाम्यति","Ficar em silêncio, ficar quieto","Callar, callar, detenerse","To be silent, to be quiet, to stop","अशाम्यत्","शाम्येत","शाम्यतु","शशाम","शाम्यित्वा","शाम्यितुम्","शा","shAmyati","śāmyati","zAmyati","true","120"
"verb","√शंस्","√शंस्","1","atmanepada","शंसति","Para louvar","Alabar","To praise","अशंसत","शंसेत","शंसतु","शशंस","शंस्य","शंसितुम्","शस्त","shaMsati","śaṃsati","zaMsati","true","121"
"verb","√शास्","√शास्","2","parasmaipada","शिष्यते","Para ordenar, para comandar","Ordenar, ordenar","To order, to command","अशिक्षत","शिक्षेत","शिक्षताम्","शशास","शिक्ष्य","शिक्षितुम्","शिक्षित","shiShyate","śiṣyate","ziSyate","true","122"
"verb","√शिक्ष्","√शिक्ष्","1","atmanepada","शिक्षते","Para aprender","Aprender","To learn","अशिक्षत","शिक्षेत","शिक्षताम्","शशिक्ष","शिक्ष्य","शिक्षितुम्","शिक्षित","shikShate","śikṣate","zikSate","true","123"
"verb","√शी","√शी","2","atmanepada","शय्यते","Para deitar","Acostarse","To lie down","अशय्यत","शय्येत","शय्यताम्","शशे","शयित्वा","शयितुम्","शयित","shayyate","śayyate","zayyate","true","124"
"verb","√शुच्","√शुच्","1","parasmaipada","शोचति","Para ficar triste, para sofrer","Entristecerse, sufrir","To be sad, to suffer","अशोचत","शोचेत","शोचतु","शुशोच","शोच्य","शोचितुम्","शुक्त","shochati","śocati","zocati","true","125"
"verb","√श्रम्","√श्रम्","4","parasmaipada","श्राम्यति","Para estar cansado ou fatigado","Estar cansado o fatigado","To be tired or fatigued","अश्राम्यत्","श्राम्येत्","श्राम्यतु","शश्राम","श्रान्त्वा / श्रमित्वा","श्रमितुम्","श्रान्त","shrAmyati","śrāmyati","zrAmyati","true","126"
"verb","√सद्","√सद्","1","parasmaipada","सीदति","Para sentar","Sentarse","To sit down","असीदत्","सीदेत्","सीदतु","ससाद","सत्त्वा","सीदितुम् / सत्तुम्","सन्न","sIdati","sīdati","sIdati","true","127"
"verb","√सह्","√सह्","1","atmanepada","सहते","Para suportar","Soportar","To bear","असहत","सहेत","सहताम्","ससह","सहित्वा","सहितुम्","सहित","sahate","sahate","sahate","true","128"
"verb","√सान्त्व्","√सान्त्व्","10","ubhayapada","सान्त्वयति","Para consolar","Consolar","To console","असान्त्वयत","सान्त्वयेत","सान्त्वयतु","ससान्त्व्य","सान्त्वयित्वा","सान्त्वयितुम्","सान्त्वित","sAntvayati","sāntvayati","sAntvayati","true","129"
"verb","√सिच्","√सिच्","6","ubhayapada","सिञ्चति","Para borrifar","Rociar","To sprinkle","असिञ्चत","सिञ्चेत","सिञ्चतु","सिसिच्य","सिचित्वा","सिचितुम्","सिक्त","si~nchati","siñcati","siJcati","true","130"
"verb","√सिध्","√सिध्","4","parasmaipada","सिध्यति","Para ter sucesso, para ir, para mover","Triunfar, tener éxito","To succeed","असिध्यत","सिध्येत","सिध्यतु","ससिध्य","सिद्ध्वा","सिध्यितुम्","सिद्ध","sidhyati","sidhyati","sidhyati","true","131"
"verb","√सृ","√सृ","1","parasmaipada","सरति","Ir, mover","Ir, mover","To go, to move","असरत्","सरेत्","सरतु","ससार","सृत्वा","सर्तुम्","सृत","sarati","sarati","sarati","true","132"
"verb","√सृज्","√सृज्","6","parasmaipada","सृजति","Para criar, para produzir","Crear, producir","To create, to produce","असृजत","सृजेत","सृजतु","ससर्ज","सृजित्वा","सृजितुम्","सृष्ट","sRRijati","sṛjati","sRjati","true","133"
"verb","√सेव्","√सेव्","1","atmanepada","सेवते","Para servir","Servir","To serve","असेवत","सेव्येत","सेवताम्","ससेव","सेव्य","सेवितुम्","सेवित","sevate","sevate","sevate","true","134"
"verb","√स्था","√स्था","1","parasmaipada","तिष्ठति","Para ficar de pé; Ficar","Parar[se]; Quedar","To stand; Stay","अतिष्ठत्","तिष्ठेत्","तिष्ठतु","ततिष्ठ","स्थित्वा","स्थातुम्","स्थित","tiShThati","tiṣṭhati","tiSThati","true","135"
"verb","√स्निह्","√स्निह्","10","ubhayapada","स्निह्यति","Sentir afeição (+7°C)","Sentir afecto (+7°c)","Feel affection (+7°C)","अस्निह्यत","स्निह्येत","स्निह्यतु","सस्निह्य","स्निह्यित्वा","स्निह्यितुम्","स्निहित","snihyati","snihyati","snihyati","true","136"
"verb","√स्पृश्","√स्पृश्","6","parasmaipada","स्पृशति","Tocar","Tocar","Touch","अस्पृशत","स्पृशेत","स्पृशतु","सस्पर्श","स्पृष्ट्वा","स्पृष्टुम्","स्पृष्ट","spRRishati","spṛśati","spRzati","true","137"
"verb","√स्पृह्","√स्पृह्","10","ubhayapada","स्पृहयति","Querer (+4°C)","Querer (+4°c)","Want (+4°C)","अस्पृहयत","स्पृहयेत","स्पृहयतु","सस्पृह्य","स्पृहयित्वा","स्पृहयितुम्","स्पृहित","spRRihayati","spṛhayati","spRhayati","true","138"
"verb","√स्मृ","√स्मृ","1","parasmaipada","स्मरति","Lembrar","Recordar","Remember","अस्मरत्","स्मरेत्","स्मरतु","सस्मार","स्मृत्वा","स्मर्तुम्","स्मृत","smarati","smarati","smarati","true","139"
"verb","√स्वप्","√स्वप्","2","parasmaipada","सुप्यते","Dormir","Dormir","Sleep","असुप्यत","सुप्येत","सुप्यताम्","ससुप","स्वप्त्वा","स्वप्तुम्","सुप्त","supyate","supyate","supyate","true","140"
"verb","√हस्","√हस्","1","parasmaipada","हसति","Rir, sorrir","Reir, sonreir","Laugh, smile","अहसत्","हसेत्","हसतु","जहास","हसित्वा","हसितुम्","हसित","hasati","hasati","hasati","true","141"
"verb","√हृ","√हृ","1","ubhayapada","हरति","Carregar","Llevar","Carry","अहरत्","हरेत्","हरतु","जहार","हृत्वा","हर्तुम्","हृत","harati","harati","harati","true","142"
"verb","√ह्वे","√ह्वे","1","ubhayapada","ह्वयति, हूयते,","Chamar","Llamar","Call","अह्वयत / अहूयत","ह्वयेते / हूयेत","ह्वयतु / हूयताम्","जुह्वे / जुहूवे","ह्वयित्वा","ह्वयितुम्","हूत","hvayati, hUyate,","hvayati, hūyate,","hvayati, hUyate,","true","143"
"verb","अति-√क्रम्","अति-√क्रम्","1","parasmaipada","अतिक्राम्यति","Cruzar","Cruzar","Cross","अतिक्राम्यत्","अतिक्राम्येत्","अतिक्राम्यतु","अतिक्रान्त","अतिक्रम्य","अतिक्रान्तुम्","अतिक्रान्त","atikrAmyati","atikrāmyati","atikrAmyati","true","144"
"verb","अधि-√क्षिप्","अधि-√क्षिप्","6","parasmaipada","अधिक्षिपति","Abusar","Abusar","Abuse","अधिक्षिपत्","अधिक्षिपेत्","अधिक्षिपतु","अधिक्षिप्य","अधिक्षिप्य","अधिक्षिपितुम्","अधिक्षिप्त","adhikShipati","adhikṣipati","adhikSipati","true","145"
"verb","अधि-√गम्","अधि-√गम्","1","parasmaipada","अधिगच्छति","Obter, alcançar","Obtener, Alcanzar","Obtain, reach","अधिगच्छत्","अधिगच्छेत्","अधिगच्छतु","अधजगाम","अधिगम्य","अधिगन्तुम्","अधिगत","adhigachChati","adhigacchati","adhigacchati","true","146"
"verb","अधि-√स्था","अधि-√स्था","1","parasmaipada","अधितिष्ठति","Morar em (+2°C)","Vivir en (+2°c)","Live in (+2°C)","अधतिष्ठत्","अधतिष्ठेत्","अधतिष्ठतु","अधतस्थौ","अधिष्ठाय","अधिष्ठातुम्","अधिष्ठित","adhitiShThati","adhitiṣṭhati","adhitiSThati","true","147"
"verb","अनु-√सृ","अनु-√सृ","1","parasmaipada","अनुसरति","Seguir","Seguir","Follow","अनुसरत्","अनुसरेत्","अनुसरतु","अनुससार","अनुसृत्य","अनुसर्तुम्","अनुसृत","anusarati","anusarati","anusarati","true","148"
"verb","अप-√चर्","अप-√चर्","1","parasmaipada","अपचरति","Deixar","Partir","Leave","अपचरत्","अपचरेत्","अपचरतु","अपचकार","अपचृत्य","अपचर्तुम्","अपचृत","apacharati","apacarati","apacarati","true","149"
"verb","अभि-√धाव्","अभि-√धाव्","1","ubhayapada","अभिधावति","Atacar","Atacar","Attack","अभिधावत्","अभिधावेत्","अभिधावतु","अभिधधाव","अभिधाव्य","अभिधावतुम्","अभिधावित","abhidhAvati","abhidhāvati","abhidhAvati","true","150"
"verb","अभि-नि-√विश्","अभि-नि-√विश्","6","parasmaipada","अभिनिविशते","Recorrer a (+2°C)","Recurrir a (+2°c)","Resort to (+2°C)","अभिनिविशत","अभिनिविशेत","अभिनिविशताम्","अभिनिविष्ट","अभिनिविश्य","अभिनिविशितुम्","अभिनिविष्ट","abhinivishate","abhiniviśate","abhinivizate","true","151"
"verb","अव-√गम्","अव-√गम्","1","parasmaipada","अवगच्छति","Saber","Conocer","Know","अवगच्छत्","अवगच्छेत्","अवगच्छतु","अवजगाम","अवगम्य","अवगन्तुम्","अवगत","avagachChati","avagacchati","avagacchati","true","152"
"verb","अव-√लोक्","अव-√लोक्","1","atmanepada","अवलोकयति","Olhar","Mirar","Look","अवलोकयत्","अवलोकयेत्","अवलोकयतु","अवलोक्य","अवलोक्य","अवलोकितुम्","अवलोकित","avalokayati","avalokayati","avalokayati","true","153"
"verb","अव-√वह्","अव-√वह्","1","ubhayapada","अवदहति","Queimar","Quemar","Burn","अववहत्","अववहेत्","अववहतु","अववाह","अवहृत्य","अवहर्तुम्","अवहित","avadahati","avadahati","avadahati","true","154"
"verb","आ-√गम्","आ-√गम्","1","parasmaipada","आगच्छति","Vir","Venir","Come","आगच्छत्","आगच्छेत्","आगच्छतु","आगात्","आगम्य","आगन्तुम्","आगत","AgachChati","āgacchati","Agacchati","true","155"
"verb","आ-√चर्","आ-√चर्","1","parasmaipada","आचरति","Praticar","Practicar","Practice","आचरत्","आचरेत्","आचरतु","आचचार","आचृत्वा","आचरतुम्","आचरित","Acharati","ācarati","Acarati","true","156"
"verb","आ-√दिश्","आ-√दिश्","6","ubhayapada","आदिशति","Ordenar, comandar","Ordenar, mandar","Order, command","आदिशत्","आदिशेत्","आदिशतु","आदिशत्","आदिश्य","आदिशतुम्","आदिष्ट","Adishati","ādiśati","Adizati","true","157"
"verb","आ-√दृ","आ-√दृ","6","atmanepada","आद्रियते","Respeitar","Respetar","Respect","आद्रियत","आद्रियेत","आद्रियताम्","आदृत","आद्रिय","आद्रियितुम्","आदृत","Adriyate","ādriyate","Adriyate","true","158"
"verb","आ-√नी","आ-√नी","1","ubhayapada","आनयति","Trazer","Traer","Bring","आनयत्","आनयेत्","आनयतु","आनिनाय","आनयित्वा","आनयितुम्","आनित","Anayati","ānayati","Anayati","true","159"
"verb","आ-√प्रच्छ्","आ-√प्रच्छ्","6","atmanepada","आपृच्छते","Dizer adeus, dispensar","Decir adiós, despedir","Say goodbye, dismiss","आपृच्छत","आपृच्छेत","आपृच्छताम्","आपप्रच्छ","आपृच्छ्य","आपृच्छितुम्","आपृष्ट","ApRRichChate","āpṛcchate","ApRcchate","true","160"
"verb","आ-√रभ्","आ-√रभ्","1","atmanepada","आरभते","Começar, começar","Iniciar, Comenzar","Start, begin","आरभत","आरभेत","आरभताम्","आररेभे","आरभ्य","आरभितुम्","आरब्ध","Arabhate","ārabhate","Arabhate","true","161"
"verb","आ-√रुह्","आ-√रुह्","1","parasmaipada","आरोहति","Montar; Subir","Montar; Subir","Assemble; Rise","आरुह्यत्","आरुहेत्","आरोहतु","आरुरोह","आरुह्य","आरोहितुम्","आरूढ","Arohati","ārohati","Arohati","true","162"
"verb","उद्-√भू","उद्-√भू","1","parasmaipada","उद्भवति","Reunir; Levantar-se","Levantarse","Arise","उदभवत्","उद्भवेत्","उद्भवतु","उदभूव","उद्भूत्वा","उद्भवितुम्","उद्भूत","udbhavati","udbhavati","udbhavati","true","163"
"verb","उद्-√स्था","उद्-√स्था","1","parasmaipada","उत्तिष्ठति","Levantar-se, ascender","Levantarse, ascender","Rise, ascend","उदतिष्ठत्","उत्तिष्ठेत्","उत्तिष्ठतु","उदतस्थौ","उत्तिष्ठ्य","उत्तिष्ठितुम्","उत्पन्न","uttiShThati","uttiṣṭhati","uttiSThati","true","164"
"verb","उप-√गम्","उप-√गम्","1","parasmaipada","उपगच्छति","Aproximar-se","Acercarse","Approach","उपगच्छत्","उपगच्छेत्","उपगच्छतु","उपजगाम","उपगत्य","उपगन्तुम्","उपगत","upagachChati","upagacchati","upagacchati","true","165"
"verb","उप-√विश्","उप-√विश्","1","parasmaipada","उपविशति","Sentar-se","Sentarse","Sit","उपविशत्","उपविषेत्","उपविषतु","उपविवेश","उपविश्य","उपवेष्टुम्","उपविष्ट","upavishati","upaviśati","upavizati","true","166"
"verb","नि-√क्षिप्","नि-√क्षिप्","6","parasmaipada","निक्षपति","Derrubar","Derribar","Knock down","निक्षिपत्","निक्षिपेत्","निक्षिपतु","निक्षेप","निक्षिप्य","निक्षेप्तुम्","निक्षिप्त","nikShapati","nikṣapati","nikSapati","true","167"
"verb","नि-√वृत्","नि-√वृत्","1","atmanepada","निवर्तते","Desistir de","Desistir de","Desist from","अनिवर्तत","निवर्तेत","निवर्तताम्","निववृते","निवृत्त्वा","निवर्तितुम्","निवृत्त","nivartate","nivartate","nivartate","true","168"
"verb","निस्-√वह्","निस्-√वह्","1","ubhayapada","निर्वहति","Agir","Actuar","Acting","अनिर्वहत्","निर्वहेत्","निर्वहतु","निर्ववाह","निर्वह्य","निर्वहितुम्","निर्वाहित","nirvahati","nirvahati","nirvahati","true","169"
"verb","परा-√जि","परा-√जि","1","atmanepada","पराजयते","Derrotar, conquistar","Derrotar, Conquistar","Defeat, conquer","अपराजयत","पराजयेत","पराजयताम्","पराजिषे","पराजित्वा","पराजितुम्","पराजित","parAjayate","parājayate","parAjayate","true","170"
"verb","परि-√नी","परि-√नी","1","ubhayapada","परिणयति","Casar-se","Casarse","Marry","अपरिणयत्","परिणयेत्","परिणयतु","परिणिनय","परिणयित्वा","परिणयितुम्","परिणीत","pariNayati","pariṇayati","pariNayati","true","171"
"verb","परि-√पत्","परि-√पत्","1","parasmaipada","परिपतति","Voar sobre","Volar sobre","Fly over","अपरिपतत्","परिपतेत्","परिपततु","परिपपात","परिपत्य","परिपतितुम्","परिपतित","paripatati","paripatati","paripatati","true","172"
"verb","प्र-√काश्","प्र-√काश्","1","atmanepada","प्रकाशते","Brilhar","Brillar","Shine","अप्रकाशत","प्रकाशेत","प्रकाशताम्","प्रचकाशे","प्रकाश्य","प्रकाशितुम्","प्रकाशित","prakAshate","prakāśate","prakAzate","true","173"
"verb","प्र-√दा","प्र-√दा","1","parasmaipada","प्रयच्छति","Conceder","Conceder","Grant","अप्रयच्छत्","प्रयच्छेत्","प्रयच्छतु","प्रददौ","प्रदाय","प्रदातुम्","प्रदत्त","prayachChati","prayacchati","prayacchati","true","174"
"verb","प्र-√बुध्","प्र-√बुध्","1","ubhayapada","प्रबोधति","Acordar","Despertar","Awaken","अप्रबोधत्","प्रबोध्येत्","प्रबोध्यताम्","प्रबबुधे","प्रबुद्ध्वा","प्रबोधितुम्","प्रबुद्ध","prabodhati","prabodhati","prabodhati","true","175"
"verb","प्र-√भू","प्र-√भू","1","parasmaipada","प्रभवति","Levantar-se","Surgir","Arise","अप्रभवत्","प्रभवेत्","प्रभवतु","प्रभभूव","प्रभूत्वा","प्रभवितुम्","प्रभूत","prabhavati","prabhavati","prabhavati","true","176"
"verb","प्र-√वृत्","प्र-√वृत्","1","atmanepada","प्रवर्तते","Prosseguir","Proceder","Proceed","अप्रवर्तत","प्रवर्तेत","प्रवर्तताम्","प्रववृते","प्रवृत्त्वा","प्रवर्तितुम्","प्रवृत्त","pravartate","pravartate","pravartate","true","177"
"verb","प्र-विश्","प्र-विश्","6","parasmaipada","प्रविशति","Entrar","Entrar","Enter","अप्रविशत्","प्रविषेत्","प्रविषतु","प्राविवेश","प्रविश्य","प्रवेष्टुम्","प्रविष्ट","pravishati","praviśati","pravizati","true","178"
"verb","प्रति-√गम्","प्रति-√गम्","1","parasmaipada","प्रतिगच्छति","Retornar","Regresar","Return","प्रतिगच्छत्","प्रतिगच्छेत्","प्रतिगच्छतु","प्रतिजगाम","प्रतिगत्य","प्रतिगन्तुम्","प्रतिगत","pratigachChati","pratigacchati","pratigacchati","true","179"
"verb","वि-√अस्","वि-√अस्","4","parasmaipada","व्यस्यति","Reunir, reunir","Recoger, juntar","Gather, gather","अव्यस्यत्","व्यस्येत्","व्यस्यतु","विव्यस्य","व्यस्यित्वा","व्यस्यितुम्","व्यस्त","vyasyati","vyasyati","vyasyati","true","180"
"verb","वि-√जि","वि-√जि","1","atmanepada","विजयते","Conquistar","Conquistar","Conquer","अविजयत","विजयेत","विजयताम्","विजिषे","विजित्य","विजितुम्","विजित","vijayate","vijayate","vijayate","true","181"
"verb","वि-√पद्","वि-√पद्","4","atmanepada","विपद्यते","Cair em desgraça","Caer en la desgracia","Fall into disgrace","अविपद्यत","विपद्येत","विपद्यताम्","विपपादे","विपदित्वा","विपदितुम्","विपन्न","vipadyate","vipadyate","vipadyate","true","182"
"verb","वि-√वद्","वि-√वद्","1","atmanepada","विवदते","Discordar, argumentar, discordar; estar em desacordo, em conflito, estar em oposição","Discordar, Discutir, Discrepar; Estar en desacuerdo, en conflicto, estar en oposición","Disagree, argue, disagree; be in disagreement, in conflict, be in opposition","अविवदत","विवदेत","विवदताम्","विविदे","विवदित्वा","विवदितुम्","विवदित","vivadate","vivadate","vivadate","true","183"
"verb","वि-√सद्","वि-√सद्","1","parasmaipada","विषीदति","Ficar triste, lamentar","Estar triste, Entristecerse","Be sad, grieve","अविषीदत्","विषीदेयात्","विषीदतु","विविशाद","विषीदित्वा","विषीदितुम्","विषीण्ण","viShIdati","viṣīdati","viSIdati","true","184"
"verb","वि-√स्मृ","वि-√स्मृ","1","parasmaipada","विस्मरति","Esquecer","Olvidar","Forget","अविस्मरत्","विस्मरेत्","विस्मरतु","विविस्मर","विस्मृत्य","विस्मर्तुम्","विस्मृत","vismarati","vismarati","vismarati","true","185"
"verb","सम्-√क्षिप्","सम्-√क्षिप्","6","parasmaipada","संक्षपति","Reduzir","Reducir","Reduce","असंक्षिपत्","संक्षिपेत्","संक्षिपतु","संसिक्षिप","संक्षिप्य","संक्षेप्तुम्","संक्षिप्त","saMkShapati","saṃkṣapati","saMkSapati","true","186"
"verb","सम्-√पद्","सम्-√पद्","4","atmanepada","सम्पद्यते","Prosperar","Prosperar","Prosper","असम्पद्यत","सम्पद्येत","सम्पद्यताम्","सम्पपादे","सम्पदित्वा","सम्पदितुम्","सम्पन्न","sampadyate","sampadyate","sampadyate","true","187"